Size,Pattern,,,,,,,,,,,AVL Tree,,,,,,,,,,,Treap,,,,,,,,,,,TreeMap,,,,,,
,,,,,,,,,,,Trial,Insert(ms),Batch(ms),Search(ms),Unsuccessful(ms),Delete(ms),Traversal(ms),,,,Trial,Insert(ms),Batch(ms),Search(ms),Unsuccessful(ms),Delete(ms),Traversal(ms),,,,Trial,Insert(ms),Batch(ms),Search(ms),Unsuccessful(ms),Delete(ms),Traversal(ms)
100,Random,,,,,,,1,0.4314,0.0998,0.2537,0.0029,0.8060,2.3005,,,,,1,0.1893,0.0870,0.1482,0.0010,0.5233,2.6132,,,,,1,0.0871,0.0468,0.1011,0.0011,0.2206,1.5663
100,Random,,,,,,,2,0.0489,0.0344,0.0615,0.0007,0.5196,0.0673,,,,,2,0.0387,0.0626,0.0633,0.0004,0.2587,0.0891,,,,,2,0.0779,0.0155,0.0694,0.0007,0.1484,0.0529
100,Random,,,,,,,3,0.0381,0.0199,0.0327,0.0005,0.2633,0.0437,,,,,3,0.0400,0.0421,0.0329,0.0007,0.2368,0.0383,,,,,3,0.0643,0.0131,0.0565,0.0008,0.1439,0.0387
100,Random,,,,,,,4,0.0417,0.0156,0.0315,0.0005,0.2497,0.0471,,,,,4,0.0441,0.0326,0.0310,0.0005,0.2367,0.0375,,,,,4,0.0290,0.0099,0.0280,0.0004,0.0781,0.1310
100,Random,,,,,,,5,0.0475,0.0151,0.0342,0.0005,0.2553,0.0526,,,,,5,0.0446,0.0094,0.0435,0.0005,0.2650,0.0382,,,,,5,0.0258,0.0091,0.0284,0.0005,0.1207,0.0481
100,Random,,,,,,,6,0.0407,0.0173,0.0383,0.0005,0.2071,0.0368,,,,,6,0.0515,0.0138,0.0412,0.0005,0.1794,0.0230,,,,,6,0.0271,0.0044,0.0274,0.0006,0.1458,0.0331
100,Random,,,,,,,7,0.0416,0.0135,0.0362,0.0005,0.1769,0.0337,,,,,7,0.0389,0.0138,0.0553,0.0004,0.2004,0.0401,,,,,7,0.0284,0.0057,0.0273,0.0005,0.1454,0.0329
100,Random,,,,,,,8,0.0244,0.0262,0.0421,0.0004,0.1674,0.0356,,,,,8,0.0435,0.0098,0.0325,0.0005,0.1881,0.0462,,,,,8,0.0342,0.0048,0.0339,0.0004,0.1252,0.0289
100,Random,,,,,,,9,0.0251,0.0076,0.0125,0.0003,0.0768,0.0319,,,,,9,0.0156,0.0074,0.0134,0.0003,0.1278,0.0198,,,,,9,0.0191,0.0029,0.0190,0.0003,0.0716,0.0282
100,Random,,,,,,,10,0.0278,0.0089,0.0566,0.0003,0.1736,0.0517,,,,,10,0.0284,0.0129,0.0226,0.0004,0.1123,0.0422,,,,,10,0.0444,0.0056,0.0250,0.0003,0.1078,0.0825
100,Random,,,,,,,11,0.0439,0.1218,0.0348,0.0003,0.2052,0.3036,,,,,11,0.0380,0.0087,0.0230,0.0003,0.0956,0.0388,,,,,11,0.0211,0.0403,0.0247,0.0004,0.1576,0.0624
100,Random,,,,,,,12,0.0208,0.0090,0.0170,0.0003,0.0943,0.0598,,,,,12,0.0212,0.0097,0.0179,0.0003,0.0773,0.0341,,,,,12,0.0191,0.0035,0.0158,0.0002,0.0638,0.0492
100,Random,,,,,,,13,0.0177,0.0059,0.0162,0.0003,0.0601,0.0447,,,,,13,0.0181,0.0055,0.0166,0.0004,0.0638,0.0220,,,,,13,0.0158,0.0027,0.0132,0.0003,0.0632,0.0227
100,Random,,,,,,,14,0.0243,0.0101,0.0222,0.0003,0.0883,0.0309,,,,,14,0.0172,0.0064,0.0153,0.0003,0.0679,0.0217,,,,,14,0.0147,0.0025,0.0104,0.0002,0.0812,0.0205
100,Random,,,,,,,15,0.0254,0.0098,0.0313,0.0003,0.0966,0.0313,,,,,15,0.0294,0.0148,0.0221,0.0003,0.1086,0.0261,,,,,15,0.0207,0.0038,0.0197,0.0004,0.0374,0.0232
100,Random,,,,,,,16,0.0265,0.0086,0.0215,0.0003,0.1022,0.0303,,,,,16,0.0296,0.0121,0.0225,0.0003,0.1192,0.0241,,,,,16,0.0222,0.0038,0.0175,0.0003,0.0331,0.0239
100,Random,,,,,,,17,0.0250,0.0083,0.0229,0.0003,0.1002,0.0559,,,,,17,0.0283,0.0095,0.0246,0.0003,0.1054,0.0224,,,,,17,0.0363,0.0056,0.0247,0.0003,0.0341,0.0223
100,Random,,,,,,,18,0.0260,0.0101,0.0202,0.0003,0.1036,0.0396,,,,,18,0.0280,0.0107,0.0226,0.0003,0.1130,0.0214,,,,,18,0.0205,0.0038,0.0186,0.0003,0.0300,0.0219
100,Random,,,,,,,19,0.0152,0.0045,0.0135,0.0002,0.0538,0.0380,,,,,19,0.0195,0.0100,0.0132,0.0002,0.0588,0.0216,,,,,19,0.0136,0.0023,0.0103,0.0002,0.0230,0.0235
100,Random,,,,,,,20,0.0131,0.0045,0.0132,0.0002,0.0515,0.0180,,,,,20,0.0176,0.0063,0.0147,0.0002,0.0568,0.0213,,,,,20,0.0130,0.0023,0.0105,0.0002,0.0178,0.0155
100,Random,,,,,,,21,0.0139,0.0060,0.0123,0.0002,0.0534,0.0172,,,,,21,0.0151,0.0064,0.0137,0.0003,0.0613,0.0154,,,,,21,0.0154,0.0022,0.0116,0.0002,0.0169,0.0145
100,Random,,,,,,,22,0.0635,0.0103,0.0356,0.0003,0.0871,0.0447,,,,,22,0.0417,0.0099,0.1475,0.0007,0.5586,0.0427,,,,,22,0.0414,0.0104,0.0163,0.0003,0.0395,0.0607
100,Random,,,,,,,23,0.0313,0.0104,0.0292,0.0005,0.0818,0.0401,,,,,23,0.0227,0.0077,0.0182,0.0003,0.0915,0.0263,,,,,23,0.0261,0.0047,0.0267,0.0004,0.0409,0.0366
100,Random,,,,,,,24,0.0287,0.0128,0.0326,0.0004,0.0794,0.0322,,,,,24,0.0168,0.0094,0.0137,0.0002,0.0471,0.0180,,,,,24,0.0136,0.0027,0.0129,0.0002,0.0196,0.0273
100,Random,,,,,,,25,0.0273,0.0080,0.0208,0.0003,0.0711,0.0309,,,,,25,0.0261,0.0097,0.0300,0.0005,0.0797,0.0241,,,,,25,0.0206,0.0048,0.0180,0.0004,0.0342,0.0384
100,Random,,,,,,,26,0.0279,0.0082,0.0239,0.0004,0.0699,0.0374,,,,,26,0.0391,0.0091,0.0246,0.0003,0.0756,0.0343,,,,,26,0.0170,0.0026,0.0118,0.0003,0.0214,0.0308
100,Random,,,,,,,27,0.0251,0.0084,0.0274,0.0004,0.0706,0.0785,,,,,27,0.0372,0.0119,0.0225,0.0003,0.0836,0.0278,,,,,27,0.0241,0.0057,0.0181,0.0003,0.0341,0.0606
100,Random,,,,,,,28,0.0340,0.0087,0.0267,0.0004,0.0798,0.0372,,,,,28,0.0289,0.0131,0.0218,0.0003,0.0742,0.0528,,,,,28,0.0193,0.0059,0.0156,0.0004,0.0322,0.0286
100,Random,,,,,,,29,0.0259,0.0076,0.0228,0.0004,0.0704,0.0237,,,,,29,0.0318,0.0109,0.0257,0.0004,0.0759,0.0259,,,,,29,0.0204,0.0038,0.0168,0.0003,0.0323,0.0276
100,Random,,,,,,,30,0.0262,0.0181,0.0263,0.0005,0.0716,0.0248,,,,,30,0.0287,0.0111,0.0258,0.0004,0.0933,0.0235,,,,,30,0.0242,0.0040,0.0190,0.0004,0.0361,0.0239
,,,Random Averages,,,,,,,
,,,Average,0.0436,0.0183,0.0357,0.0005,0.1529,0.1240
,,,Treap Averages,,,,,,,
,,,Average,0.0357,0.0161,0.0340,0.0004,0.1479,0.1177
,,,TreeMap Averages,,,,,,,
,,,Average,0.0285,0.0078,0.0249,0.0004,0.0719,0.0892
100,Sorted Ascending,,,,,,,1,0.0227,0.0120,0.0179,0.0005,0.0686,0.0352,,,,,1,0.0222,0.0128,0.0176,0.0004,0.0625,0.0337,,,,,1,0.0246,0.0173,0.0278,0.0003,0.0622,0.0349
100,Sorted Ascending,,,,,,,2,0.0187,0.0115,0.0182,0.0004,0.0614,0.0266,,,,,2,0.0195,0.0086,0.0161,0.0003,0.0444,0.0186,,,,,2,0.0146,0.0073,0.0133,0.0003,0.0201,0.0239
100,Sorted Ascending,,,,,,,3,0.0215,0.0104,0.0161,0.0003,0.0564,0.0233,,,,,3,0.0781,0.0196,0.0191,0.0004,0.0607,0.0462,,,,,3,0.0234,0.0228,0.0168,0.0004,0.0258,0.0293
100,Sorted Ascending,,,,,,,4,0.0275,0.0131,0.0215,0.0004,0.0897,0.0452,,,,,4,0.0270,0.0125,0.0235,0.0006,0.0902,0.0392,,,,,4,0.0125,0.0043,0.0187,0.0005,0.0314,0.0669
100,Sorted Ascending,,,,,,,5,0.0342,0.0159,0.0469,0.0004,0.1065,0.1423,,,,,5,0.0361,0.0133,0.0248,0.0007,0.0964,0.0814,,,,,5,0.0146,0.0081,0.0716,0.0005,0.0507,0.1046
100,Sorted Ascending,,,,,,,6,0.0287,0.0245,0.0364,0.0088,0.0838,0.1500,,,,,6,0.0461,0.0447,0.0324,0.0090,0.0767,0.1375,,,,,6,0.0116,0.0072,0.0102,0.0003,0.0309,0.1130
100,Sorted Ascending,,,,,,,7,0.0192,0.0121,0.0146,0.0004,0.0665,0.0392,,,,,7,0.0221,0.0128,0.0157,0.0004,0.0561,0.0307,,,,,7,0.0082,0.0031,0.0078,0.0002,0.0172,0.0359
100,Sorted Ascending,,,,,,,8,0.0165,0.0090,0.0113,0.0004,0.0619,0.0310,,,,,8,0.0163,0.0098,0.0129,0.0003,0.0467,0.0176,,,,,8,0.0069,0.0031,0.0062,0.0002,0.0139,0.0228
100,Sorted Ascending,,,,,,,9,0.0149,0.0107,0.0219,0.0003,0.0546,0.0191,,,,,9,0.0176,0.0074,0.0130,0.0002,0.0437,0.0181,,,,,9,0.0071,0.0087,0.0063,0.0001,0.0139,0.0211
100,Sorted Ascending,,,,,,,10,0.0171,0.0105,0.0122,0.0002,0.0570,0.0197,,,,,10,0.0177,0.0093,0.0127,0.0002,0.0415,0.0230,,,,,10,0.0062,0.0021,0.0055,0.0000,0.0131,0.0159
100,Sorted Ascending,,,,,,,11,0.0169,0.0112,0.0145,0.0003,0.0697,0.0299,,,,,11,0.0181,0.0106,0.0129,0.0004,0.0548,0.0321,,,,,11,0.0072,0.0029,0.0061,0.0002,0.0163,0.0392
100,Sorted Ascending,,,,,,,12,0.0184,0.0300,0.0123,0.0003,0.0595,0.0299,,,,,12,0.0201,0.0094,0.0129,0.0002,0.0549,0.0372,,,,,12,0.0075,0.0042,0.0068,0.0002,0.0163,0.0246
100,Sorted Ascending,,,,,,,13,0.0183,0.0118,0.0143,0.0003,0.0682,0.0292,,,,,13,0.0231,0.0105,0.0139,0.0003,0.0538,0.0370,,,,,13,0.0077,0.0036,0.0070,0.0002,0.0280,0.0259
100,Sorted Ascending,,,,,,,14,0.0177,0.0111,0.0129,0.0003,0.0643,0.0252,,,,,14,0.0192,0.0132,0.0133,0.0003,0.0564,0.0334,,,,,14,0.0070,0.0030,0.0066,0.0002,0.0167,0.0230
100,Sorted Ascending,,,,,,,15,0.0168,0.0109,0.0135,0.0003,0.0557,0.0363,,,,,15,0.0225,0.0085,0.0146,0.0003,0.0609,0.0239,,,,,15,0.0066,0.0028,0.0063,0.0003,0.0168,0.0262
100,Sorted Ascending,,,,,,,16,0.0173,0.0118,0.0132,0.0002,0.0550,0.0329,,,,,16,0.0167,0.0071,0.0116,0.0002,0.0410,0.0228,,,,,16,0.0064,0.0033,0.0089,0.0002,0.0144,0.0494
100,Sorted Ascending,,,,,,,17,0.0181,0.0365,0.0123,0.0003,0.0587,0.0273,,,,,17,0.0189,0.0100,0.0237,0.0003,0.0591,0.0240,,,,,17,0.0082,0.0029,0.0064,0.0003,0.0172,0.0225
100,Sorted Ascending,,,,,,,18,0.0217,0.0105,0.0293,0.0004,0.0533,0.0402,,,,,18,0.0177,0.0091,0.0138,0.0005,0.0550,0.0260,,,,,18,0.0072,0.0045,0.0062,0.0002,0.0179,0.0266
100,Sorted Ascending,,,,,,,19,0.0166,0.0106,0.0132,0.0003,0.0524,0.0237,,,,,19,0.0211,0.0081,0.0146,0.0003,0.0587,0.0207,,,,,19,0.0082,0.0043,0.0102,0.0002,0.0180,0.0223
100,Sorted Ascending,,,,,,,20,0.0180,0.0113,0.0134,0.0003,0.0596,0.0238,,,,,20,0.0211,0.0085,0.0141,0.0003,0.0541,0.0219,,,,,20,0.0070,0.0027,0.0064,0.0002,0.0173,0.0232
100,Sorted Ascending,,,,,,,21,0.0181,0.0087,0.0130,0.0004,0.0545,0.0224,,,,,21,0.0170,0.0089,0.0137,0.0003,0.0559,0.0210,,,,,21,0.0064,0.0025,0.0061,0.0002,0.0175,0.0229
100,Sorted Ascending,,,,,,,22,0.0188,0.0119,0.0173,0.0003,0.0599,0.0221,,,,,22,0.0218,0.0089,0.0154,0.0004,0.0586,0.0291,,,,,22,0.0074,0.0039,0.0063,0.0001,0.0167,0.0249
100,Sorted Ascending,,,,,,,23,0.0191,0.0094,0.0158,0.0003,0.0601,0.0205,,,,,23,0.0199,0.0106,0.0175,0.0003,0.0568,0.0210,,,,,23,0.0067,0.0027,0.0058,0.0002,0.0202,0.0180
100,Sorted Ascending,,,,,,,24,0.0159,0.0076,0.0115,0.0002,0.0500,0.0200,,,,,24,0.0160,0.0171,0.0138,0.0003,0.0459,0.0178,,,,,24,0.0065,0.0024,0.0057,0.0002,0.0163,0.0198
100,Sorted Ascending,,,,,,,25,0.0181,0.0094,0.0139,0.0004,0.0554,0.0320,,,,,25,0.0178,0.0079,0.0144,0.0004,0.0647,0.0271,,,,,25,0.0074,0.0030,0.0066,0.0003,0.0164,0.0234
100,Sorted Ascending,,,,,,,26,0.0170,0.0104,0.0127,0.0007,0.0540,0.0266,,,,,26,0.0190,0.0079,0.0145,0.0003,0.0497,0.0205,,,,,26,0.0080,0.0038,0.0075,0.0003,0.0250,0.0223
100,Sorted Ascending,,,,,,,27,0.0183,0.0099,0.0133,0.0003,0.0619,0.0218,,,,,27,0.0194,0.0093,0.0138,0.0003,0.0581,0.0183,,,,,27,0.0081,0.0028,0.0068,0.0002,0.0187,0.0260
100,Sorted Ascending,,,,,,,28,0.0174,0.0083,0.0148,0.0003,0.0558,0.0204,,,,,28,0.0188,0.0093,0.0153,0.0004,0.0527,0.0185,,,,,28,0.0071,0.0029,0.0063,0.0002,0.0182,0.0231
100,Sorted Ascending,,,,,,,29,0.0181,0.0079,0.0127,0.0003,0.0470,0.0231,,,,,29,0.0173,0.0057,0.0118,0.0003,0.0565,0.0162,,,,,29,0.0072,0.0026,0.0061,0.0001,0.0133,0.0210
100,Sorted Ascending,,,,,,,30,0.0145,0.0095,0.0120,0.0002,0.0475,0.0237,,,,,30,0.0174,0.0076,0.0124,0.0002,0.0414,0.0278,,,,,30,0.0066,0.0023,0.0058,0.0000,0.0134,0.0244
,,,Sorted Ascending Averages,,,,,,,
,,,Average,0.0192,0.0126,0.0168,0.0006,0.0616,0.0354
,,,Treap Averages,,,,,,,
,,,Average,0.0229,0.0113,0.0159,0.0006,0.0569,0.0314
,,,TreeMap Averages,,,,,,,
,,,Average,0.0091,0.0049,0.0106,0.0002,0.0211,0.0326
100,Sorted Descending,,,,,,,1,0.1302,0.0290,0.0141,0.0003,0.0693,0.0292,,,,,1,0.0170,0.0074,0.0123,0.0003,0.0595,0.0181,,,,,1,0.0074,0.0027,0.0058,0.0002,0.0260,0.0345
100,Sorted Descending,,,,,,,2,0.0169,0.0046,0.0117,0.0004,0.0481,0.0356,,,,,2,0.0190,0.0062,0.0136,0.0003,0.0756,0.0230,,,,,2,0.0073,0.0037,0.0082,0.0002,0.0179,0.0583
100,Sorted Descending,,,,,,,3,0.0196,0.0055,0.0147,0.0003,0.0534,0.0572,,,,,3,0.0167,0.0070,0.0143,0.0004,0.0645,0.0191,,,,,3,0.0073,0.0030,0.0068,0.0003,0.0194,0.0216
100,Sorted Descending,,,,,,,4,0.0198,0.0048,0.0131,0.0003,0.0429,0.0172,,,,,4,0.0192,0.0065,0.0137,0.0003,0.0682,0.0172,,,,,4,0.0074,0.0039,0.0057,0.0002,0.0201,0.0282
100,Sorted Descending,,,,,,,5,0.0196,0.0054,0.0136,0.0004,0.0492,0.0185,,,,,5,0.0197,0.0066,0.0145,0.0003,0.0722,0.0172,,,,,5,0.0071,0.0022,0.0065,0.0002,0.0158,0.0223
100,Sorted Descending,,,,,,,6,0.0177,0.0055,0.0122,0.0003,0.0421,0.0172,,,,,6,0.0166,0.0068,0.0139,0.0004,0.0681,0.0172,,,,,6,0.0070,0.0027,0.0071,0.0003,0.0184,0.0211
100,Sorted Descending,,,,,,,7,0.0177,0.0053,0.0133,0.0003,0.0479,0.0185,,,,,7,0.0212,0.0061,0.0133,0.0003,0.0892,0.0172,,,,,7,0.0080,0.0039,0.0063,0.0002,0.0203,0.0215
100,Sorted Descending,,,,,,,8,0.0172,0.0050,0.0144,0.0004,0.0493,0.0217,,,,,8,0.0182,0.0077,0.0137,0.0003,0.0735,0.0169,,,,,8,0.0073,0.0027,0.0066,0.0002,0.0327,0.0212
100,Sorted Descending,,,,,,,9,0.0185,0.0047,0.0134,0.0003,0.0439,0.0287,,,,,9,0.0187,0.0055,0.0131,0.0003,0.0748,0.0178,,,,,9,0.0070,0.0039,0.0063,0.0002,0.0205,0.0208
100,Sorted Descending,,,,,,,10,0.0201,0.0052,0.0134,0.0003,0.0470,0.0344,,,,,10,0.0198,0.0066,0.0139,0.0003,0.0788,0.0166,,,,,10,0.0077,0.0089,0.0065,0.0001,0.0188,0.0196
100,Sorted Descending,,,,,,,11,0.0168,0.0068,0.0153,0.0004,0.0585,0.0176,,,,,11,0.0180,0.0056,0.0115,0.0003,0.0654,0.0173,,,,,11,0.0099,0.0027,0.0068,0.0003,0.0186,0.0186
100,Sorted Descending,,,,,,,12,0.0230,0.0049,0.0149,0.0005,0.0744,0.0731,,,,,12,0.0773,0.0220,0.0375,0.0004,0.1390,0.1073,,,,,12,0.0088,0.0067,0.0085,0.0010,0.0548,0.2659
100,Sorted Descending,,,,,,,13,0.0233,0.0082,0.0202,0.0003,0.0783,0.0381,,,,,13,0.0232,0.0103,0.0180,0.0003,0.1003,0.0192,,,,,13,0.0097,0.0098,0.0073,0.0001,0.0225,0.0408
100,Sorted Descending,,,,,,,14,0.0238,0.0063,0.0126,0.0003,0.0419,0.0918,,,,,14,0.0292,0.0124,0.0149,0.0003,0.1018,0.1624,,,,,14,0.0118,0.0039,0.0092,0.0002,0.0317,0.5956
100,Sorted Descending,,,,,,,15,0.0200,0.0076,0.0276,0.0005,0.0618,0.0280,,,,,15,0.0221,0.0094,0.0177,0.0005,0.0861,0.0179,,,,,15,0.0089,0.0032,0.0080,0.0002,0.0249,0.0293
100,Sorted Descending,,,,,,,16,0.0300,0.0082,0.0159,0.0004,0.0720,0.0197,,,,,16,0.0204,0.0063,0.0148,0.0003,0.0716,0.0142,,,,,16,0.0079,0.0027,0.0069,0.0002,0.0209,0.0196
100,Sorted Descending,,,,,,,17,0.0176,0.0059,0.0146,0.0004,0.0485,0.0154,,,,,17,0.0234,0.0068,0.0133,0.0003,0.0707,0.0151,,,,,17,0.0076,0.0023,0.0068,0.0001,0.0196,0.0174
100,Sorted Descending,,,,,,,18,0.0241,0.0058,0.0142,0.0005,0.0539,0.0241,,,,,18,0.0215,0.0061,0.0169,0.0004,0.0832,0.0152,,,,,18,0.0072,0.0043,0.0065,0.0002,0.0222,0.0201
100,Sorted Descending,,,,,,,19,0.0196,0.0050,0.0142,0.0006,0.0542,0.0162,,,,,19,0.0230,0.0081,0.0221,0.0003,0.0732,0.0135,,,,,19,0.0072,0.0026,0.0066,0.0001,0.0195,0.0159
100,Sorted Descending,,,,,,,20,0.0194,0.0050,0.0142,0.0003,0.0538,0.0236,,,,,20,0.0217,0.0060,0.0169,0.0002,0.0758,0.0161,,,,,20,0.0077,0.0039,0.0112,0.0001,0.0189,0.0160
100,Sorted Descending,,,,,,,21,0.0195,0.0045,0.0137,0.0003,0.0596,0.0151,,,,,21,0.0233,0.0056,0.0143,0.0003,0.0760,0.0129,,,,,21,0.0071,0.0024,0.0056,0.0001,0.0189,0.0150
100,Sorted Descending,,,,,,,22,0.0178,0.0055,0.0135,0.0002,0.0560,0.0144,,,,,22,0.0189,0.0071,0.0149,0.0002,0.0851,0.0142,,,,,22,0.0065,0.0018,0.0049,0.0001,0.0169,0.0342
100,Sorted Descending,,,,,,,23,0.0238,0.0048,0.0133,0.0003,0.0609,0.0152,,,,,23,0.0207,0.0051,0.0206,0.0002,0.0779,0.0130,,,,,23,0.0063,0.0022,0.0052,0.0000,0.0189,0.0164
100,Sorted Descending,,,,,,,24,0.0158,0.0056,0.0151,0.0002,0.0491,0.0166,,,,,24,0.0204,0.0078,0.0150,0.0002,0.0847,0.0136,,,,,24,0.0063,0.0022,0.0053,0.0000,0.0191,0.0179
100,Sorted Descending,,,,,,,25,0.0187,0.0042,0.0131,0.0001,0.0540,0.0171,,,,,25,0.0219,0.0058,0.0149,0.0004,0.0783,0.0137,,,,,25,0.0056,0.0021,0.0052,0.0001,0.0200,0.0271
100,Sorted Descending,,,,,,,26,0.0164,0.0057,0.0132,0.0002,0.0511,0.0395,,,,,26,0.0184,0.0065,0.0148,0.0002,0.0773,0.0131,,,,,26,0.0059,0.0022,0.0048,0.0001,0.0182,0.0143
100,Sorted Descending,,,,,,,27,0.0165,0.0037,0.0135,0.0003,0.0451,0.0199,,,,,27,0.0181,0.0056,0.0151,0.0002,0.0650,0.0243,,,,,27,0.0061,0.0053,0.0081,0.0002,0.0176,0.0234
100,Sorted Descending,,,,,,,28,0.0171,0.0064,0.0128,0.0001,0.0414,0.0289,,,,,28,0.0186,0.0073,0.0157,0.0002,0.0810,0.0131,,,,,28,0.0080,0.0024,0.0057,0.0002,0.0160,0.0173
100,Sorted Descending,,,,,,,29,0.0191,0.0041,0.0136,0.0002,0.0457,0.0150,,,,,29,0.0263,0.0056,0.0138,0.0002,0.0771,0.0242,,,,,29,0.0073,0.0041,0.0539,0.0002,0.0204,0.0192
100,Sorted Descending,,,,,,,30,0.0159,0.0040,0.0124,0.0003,0.0535,0.0161,,,,,30,0.1178,0.0121,0.0145,0.0003,0.8483,0.0461,,,,,30,0.0081,0.0031,0.0071,0.0003,0.0199,0.0292
,,,Sorted Descending Averages,,,,,,,
,,,Average,0.0232,0.0062,0.0144,0.0003,0.0536,0.0275
,,,Treap Averages,,,,,,,
,,,Average,0.0257,0.0076,0.0158,0.0003,0.1047,0.0256
,,,TreeMap Averages,,,,,,,
,,,Average,0.0076,0.0036,0.0083,0.0002,0.0216,0.0507
100,Partially Sorted,,,,,,,1,0.0328,0.0044,0.0138,0.0005,0.0488,0.0198,,,,,1,0.0216,0.0076,0.0178,0.0004,0.0749,0.0195,,,,,1,0.0087,0.0025,0.0078,0.0002,0.0355,0.0194
100,Partially Sorted,,,,,,,2,0.0200,0.0061,0.0135,0.0004,0.0472,0.0168,,,,,2,0.0206,0.0070,0.0152,0.0003,0.0622,0.0138,,,,,2,0.0078,0.0033,0.0071,0.0001,0.0247,0.0201
100,Partially Sorted,,,,,,,3,0.0192,0.0036,0.0123,0.0003,0.0346,0.0140,,,,,3,0.0172,0.0051,0.0145,0.0003,0.0520,0.0116,,,,,3,0.0071,0.0022,0.0068,0.0002,0.0212,0.0171
100,Partially Sorted,,,,,,,4,0.0196,0.0058,0.0142,0.0004,0.0420,0.0231,,,,,4,0.0206,0.0061,0.0162,0.0004,0.0630,0.0144,,,,,4,0.0077,0.0024,0.0068,0.0002,0.0247,0.0183
100,Partially Sorted,,,,,,,5,0.0203,0.0041,0.0618,0.0003,0.0421,0.0172,,,,,5,0.0207,0.0050,0.0237,0.0001,0.0627,0.0134,,,,,5,0.0077,0.0020,0.0067,0.0002,0.0322,0.0177
100,Partially Sorted,,,,,,,6,0.0157,0.0047,0.0088,0.0002,0.0347,0.0139,,,,,6,0.0183,0.0071,0.0089,0.0003,0.0540,0.0114,,,,,6,0.0071,0.0021,0.0059,0.0001,0.0269,0.0147
100,Partially Sorted,,,,,,,7,0.0162,0.0035,0.0089,0.0002,0.0329,0.0126,,,,,7,0.0182,0.0050,0.0113,0.0002,0.0600,0.0104,,,,,7,0.0064,0.0034,0.0070,0.0002,0.0189,0.0146
100,Partially Sorted,,,,,,,8,0.0219,0.0040,0.0093,0.0002,0.0437,0.0246,,,,,8,0.0178,0.0054,0.0094,0.0002,0.0558,0.0112,,,,,8,0.0082,0.0021,0.0059,0.0002,0.0192,0.0175
100,Partially Sorted,,,,,,,9,0.0199,0.0035,0.0084,0.0001,0.0336,0.0138,,,,,9,0.0183,0.0053,0.0101,0.0002,0.0611,0.0183,,,,,9,0.0070,0.0033,0.0056,0.0001,0.0178,0.0149
100,Partially Sorted,,,,,,,10,0.0187,0.0037,0.0079,0.0002,0.0404,0.0164,,,,,10,0.0160,0.0060,0.0099,0.0002,0.0647,0.0120,,,,,10,0.0069,0.0020,0.0061,0.0001,0.0186,0.0147
100,Partially Sorted,,,,,,,11,0.0161,0.0038,0.0085,0.0002,0.0348,0.0261,,,,,11,0.0195,0.0057,0.0098,0.0002,0.0514,0.0114,,,,,11,0.0067,0.0034,0.0062,0.0001,0.0190,0.0156
100,Partially Sorted,,,,,,,12,0.0167,0.0033,0.0080,0.0001,0.0335,0.0123,,,,,12,0.0185,0.0046,0.0101,0.0002,0.0529,0.0107,,,,,12,0.0065,0.0019,0.0056,0.0001,0.0168,0.0130
100,Partially Sorted,,,,,,,13,0.0152,0.0059,0.0079,0.0001,0.0354,0.0163,,,,,13,0.0188,0.0084,0.0105,0.0002,0.0778,0.0160,,,,,13,0.0067,0.0031,0.0060,0.0001,0.0201,0.0188
100,Partially Sorted,,,,,,,14,0.0171,0.0036,0.0077,0.0001,0.0370,0.0162,,,,,14,0.0178,0.0045,0.0088,0.0001,0.0608,0.0217,,,,,14,0.0078,0.0024,0.0063,0.0003,0.0223,0.0257
100,Partially Sorted,,,,,,,15,0.0179,0.0055,0.0086,0.0001,0.0419,0.0161,,,,,15,0.0193,0.0097,0.0110,0.0002,0.0680,0.0121,,,,,15,0.0131,0.0021,0.0055,0.0001,0.0176,0.0174
100,Partially Sorted,,,,,,,16,0.0172,0.0039,0.0078,0.0002,0.0442,0.0187,,,,,16,0.0349,0.0058,0.0101,0.0002,0.0663,0.0154,,,,,16,0.0068,0.0033,0.0058,0.0001,0.0189,0.0179
100,Partially Sorted,,,,,,,17,0.0164,0.0052,0.0370,0.0004,0.0596,0.0346,,,,,17,0.0268,0.0075,0.0119,0.0003,0.0703,0.0204,,,,,17,0.0094,0.0023,0.0102,0.0002,0.0278,0.0369
100,Partially Sorted,,,,,,,18,0.0211,0.2284,0.0244,0.0003,0.0425,0.0434,,,,,18,0.0278,0.0070,0.0104,0.0002,0.6722,0.0339,,,,,18,0.0109,0.0025,0.0070,0.0002,0.0637,0.0818
100,Partially Sorted,,,,,,,19,0.0285,0.0062,0.0149,0.0003,0.0473,0.0411,,,,,19,0.0190,0.0060,0.0110,0.0001,0.0661,0.0171,,,,,19,0.0080,0.0022,0.0068,0.0003,0.0231,0.0238
100,Partially Sorted,,,,,,,20,0.0165,0.0058,0.0091,0.0003,0.0386,0.0163,,,,,20,0.0192,0.0070,0.0125,0.0003,0.0625,0.0344,,,,,20,0.0130,0.0021,0.0065,0.0002,0.0190,0.0192
100,Partially Sorted,,,,,,,21,0.0191,0.0043,0.0089,0.0002,0.0451,0.0155,,,,,21,0.0286,0.0051,0.0101,0.0002,0.0590,0.0166,,,,,21,0.0072,0.0022,0.0070,0.0002,0.0221,0.0276
100,Partially Sorted,,,,,,,22,0.0184,0.0057,0.0097,0.0002,0.0604,0.0186,,,,,22,0.0197,0.0081,0.0110,0.0002,0.0680,0.0192,,,,,22,0.0080,0.0024,0.0071,0.0002,0.0242,0.0225
100,Partially Sorted,,,,,,,23,0.0173,0.0050,0.0093,0.0003,0.0447,0.0241,,,,,23,0.0212,0.0048,0.0103,0.0002,0.0684,0.0374,,,,,23,0.0072,0.0023,0.0066,0.0002,0.0212,0.0220
100,Partially Sorted,,,,,,,24,0.0191,0.0052,0.0095,0.0003,0.0423,0.0175,,,,,24,0.0182,0.0101,0.0093,0.0001,0.0796,0.0181,,,,,24,0.0086,0.0029,0.0063,0.0002,0.0242,0.0314
100,Partially Sorted,,,,,,,25,0.0176,0.0060,0.0101,0.0003,0.0466,0.0198,,,,,25,0.0223,0.0049,0.0104,0.0002,0.0573,0.0178,,,,,25,0.0080,0.0032,0.0281,0.0003,0.0236,0.0307
100,Partially Sorted,,,,,,,26,0.0214,0.0047,0.0096,0.0003,0.0486,0.0200,,,,,26,0.0225,0.0081,0.0097,0.0002,0.0639,0.0169,,,,,26,0.0080,0.0034,0.0066,0.0002,0.0270,0.0304
100,Partially Sorted,,,,,,,27,0.0194,0.0060,0.0108,0.0002,0.0481,0.0184,,,,,27,0.0222,0.0070,3.5150,0.0010,0.1436,0.2263,,,,,27,0.0094,0.0074,0.0193,0.0004,0.0325,0.0867
100,Partially Sorted,,,,,,,28,0.0391,0.0108,0.0179,0.0005,0.0953,0.1013,,,,,28,0.0361,0.0108,0.0200,0.0003,0.1202,0.1233,,,,,28,0.0121,0.0047,0.0094,0.0002,0.0297,0.0510
100,Partially Sorted,,,,,,,29,0.0260,0.0085,0.0145,0.0004,0.0640,0.0242,,,,,29,0.0421,0.0092,0.0149,0.0003,0.1001,0.0226,,,,,29,0.0110,0.0043,0.0096,0.0003,0.0337,0.0283
100,Partially Sorted,,,,,,,30,0.0256,0.0057,0.0132,0.0004,0.0725,0.0239,,,,,30,0.0216,0.0049,0.0109,0.0002,0.0650,0.0159,,,,,30,0.0071,0.0028,0.0065,0.0002,0.0201,0.0223
,,,Partially Sorted Averages,,,,,,,
,,,Average,0.0203,0.0126,0.0135,0.0003,0.0461,0.0232
,,,Treap Averages,,,,,,,
,,,Average,0.0222,0.0066,0.1288,0.0002,0.0895,0.0281
,,,TreeMap Averages,,,,,,,
,,,Average,0.0083,0.0029,0.0079,0.0002,0.0249,0.0264
1000,Random,,,,,,,1,0.2702,0.0503,0.1731,0.0003,0.7914,0.0641,,,,,1,0.2595,0.0703,0.2047,0.0003,1.0911,0.1065,,,,,1,0.1316,0.0290,0.1166,0.0003,0.2533,0.0708
1000,Random,,,,,,,2,0.2518,0.0345,0.1712,0.0004,0.5658,0.0548,,,,,2,0.2633,0.0480,0.1942,0.0002,0.8283,0.1378,,,,,2,0.1426,0.0432,0.1247,0.0002,0.2800,0.0916
1000,Random,,,,,,,3,0.2878,0.0528,0.1911,0.0003,0.5382,0.2204,,,,,3,0.3798,0.0660,0.1826,0.0003,1.0026,0.0904,,,,,3,0.2111,0.0275,0.1238,0.0007,0.2586,0.0649
1000,Random,,,,,,,4,0.2225,0.0517,0.1780,0.0004,0.5437,0.0763,,,,,4,0.3138,0.0686,0.2099,0.0002,0.8772,0.0763,,,,,4,0.1407,0.0315,0.1286,0.0003,0.2673,0.0592
1000,Random,,,,,,,5,0.1696,0.0358,0.1393,0.0004,0.5794,0.0649,,,,,5,0.3472,0.0717,0.1750,0.0002,0.7485,0.0730,,,,,5,0.1173,0.0264,0.1078,0.0002,0.3040,0.0577
1000,Random,,,,,,,6,0.2807,0.0478,0.1699,0.0003,0.5643,0.1047,,,,,6,0.2881,0.0694,0.2111,0.0007,1.3892,0.3843,,,,,6,0.2531,0.0540,0.1993,0.0004,0.4568,0.2492
1000,Random,,,,,,,7,0.3630,0.1015,0.2202,0.0003,0.6311,0.1190,,,,,7,0.3154,0.0888,0.2105,0.0003,0.8924,0.0662,,,,,7,0.1485,0.0298,0.1310,0.0002,0.2722,0.0646
1000,Random,,,,,,,8,0.2823,0.0568,0.1794,0.0004,0.8010,0.1057,,,,,8,0.3244,0.0685,0.1909,0.0003,0.5418,0.1132,,,,,8,0.1452,0.0400,0.1266,0.0002,0.2691,0.1558
1000,Random,,,,,,,9,0.2774,0.0773,0.1754,0.0003,0.5397,0.3918,,,,,9,0.3131,0.0987,0.2122,0.0003,0.9281,0.1501,,,,,9,0.1551,0.0321,0.1278,0.0002,0.2783,0.0636
1000,Random,,,,,,,10,0.2806,0.0411,0.1749,0.0003,0.5880,0.0379,,,,,10,0.2967,0.0852,0.2030,0.0003,0.8132,0.0402,,,,,10,0.1271,0.0223,0.1201,0.0003,0.2756,0.1053
1000,Random,,,,,,,11,0.2716,0.0406,0.1765,0.0003,0.5190,0.0449,,,,,11,0.3068,0.0620,0.1996,0.0003,1.1622,0.0787,,,,,11,0.1443,0.0194,0.1187,0.0003,0.2647,0.0648
1000,Random,,,,,,,12,0.2777,0.0414,0.1905,0.0003,0.5728,0.0454,,,,,12,0.3180,0.0622,0.2333,0.0002,0.9207,0.0478,,,,,12,0.2077,0.0384,0.1261,0.0003,0.4055,0.1725
1000,Random,,,,,,,13,0.4796,0.0731,0.2791,0.0004,0.6198,0.1252,,,,,13,0.3877,0.0726,0.2143,0.0002,0.8925,0.0370,,,,,13,0.1591,0.0194,0.1313,0.0002,0.2778,0.0457
1000,Random,,,,,,,14,0.2925,0.0432,0.1850,0.0003,0.6552,0.0296,,,,,14,0.3363,0.0677,0.2161,0.0002,0.9868,0.0586,,,,,14,0.1376,0.0330,0.1177,0.0003,0.2739,0.0483
1000,Random,,,,,,,15,0.3252,0.0485,0.1749,0.0003,0.4879,0.0553,,,,,15,0.3105,0.0499,0.1844,0.0003,0.7484,0.0331,,,,,15,0.1565,0.0156,0.1292,0.0002,0.1874,0.0513
1000,Random,,,,,,,16,0.2869,0.0437,0.1713,0.0003,0.4713,0.0271,,,,,16,0.3711,0.0764,0.2029,0.0004,0.9355,0.0446,,,,,16,0.1587,0.0184,0.1230,0.0002,0.2211,0.0461
1000,Random,,,,,,,17,0.2855,0.0379,0.1873,0.0003,0.6223,0.0454,,,,,17,0.3058,0.0501,0.2024,0.0002,0.9452,0.0426,,,,,17,0.1545,0.0212,0.1208,0.0001,0.6885,0.0608
1000,Random,,,,,,,18,0.2890,0.0404,0.2547,0.0003,0.5391,0.0538,,,,,18,0.2986,0.0492,0.2141,0.0002,0.9369,0.0340,,,,,18,0.1470,0.0183,0.2064,0.0003,0.2484,0.0750
1000,Random,,,,,,,19,0.2916,0.1203,0.1930,0.0003,0.5952,0.0392,,,,,19,0.4327,0.0511,0.1792,0.0002,1.0919,0.3386,,,,,19,0.3210,0.0358,0.4785,0.0003,0.2875,0.2178
1000,Random,,,,,,,20,0.3320,0.0468,0.2058,0.0140,0.4849,0.0445,,,,,20,0.2645,0.0609,0.1972,0.0091,0.9771,0.0625,,,,,20,0.1331,0.0186,0.1184,0.0002,0.2303,0.0669
1000,Random,,,,,,,21,0.1806,0.0257,0.1832,0.0003,0.5646,0.0367,,,,,21,0.2947,0.0500,0.1889,0.0003,0.8047,0.0379,,,,,21,0.1827,0.0170,0.1295,0.0002,0.2073,0.0503
1000,Random,,,,,,,22,0.2752,0.0395,0.1822,0.0003,0.5732,0.0402,,,,,22,0.3380,0.0617,0.1845,0.0002,0.8832,0.0531,,,,,22,0.1256,0.0220,0.1253,0.0001,0.1848,0.0573
1000,Random,,,,,,,23,0.2498,0.0347,0.1825,0.0002,0.5706,0.0340,,,,,23,0.2876,0.0433,0.1981,0.0002,0.8410,0.0425,,,,,23,0.1526,0.0209,0.1248,0.0003,0.1813,0.0550
1000,Random,,,,,,,24,0.2601,0.0388,0.1618,0.0002,1.6780,0.0449,,,,,24,0.9333,0.0423,0.1934,0.0003,0.9712,0.0550,,,,,24,0.1324,0.0161,0.1159,0.0001,0.1980,0.0530
1000,Random,,,,,,,25,0.2494,0.0329,0.1443,0.0002,0.5648,0.0389,,,,,25,0.4343,0.0490,2.8353,0.0004,1.3954,0.2306,,,,,25,0.1487,0.0202,0.1356,0.0005,0.3012,0.0641
1000,Random,,,,,,,26,2.1506,0.0825,0.1647,0.0002,0.6073,0.0525,,,,,26,0.4423,0.0466,0.1643,0.0003,0.7587,0.0452,,,,,26,0.1325,0.0163,0.0996,0.0002,0.1833,0.0496
1000,Random,,,,,,,27,0.2440,0.0344,0.1670,0.0003,0.5827,0.0490,,,,,27,0.2877,0.0405,0.1725,0.0002,0.9003,0.0535,,,,,27,0.1189,0.0135,0.1094,0.0001,0.1656,0.0626
1000,Random,,,,,,,28,0.3038,0.0348,0.1480,0.0003,0.6255,0.0912,,,,,28,0.2890,0.0578,0.2381,0.0003,0.8986,0.0454,,,,,28,0.1328,0.0165,0.1148,0.0002,0.1963,0.0453
1000,Random,,,,,,,29,0.2597,0.0335,0.1460,0.0002,0.5286,0.0499,,,,,29,0.2766,0.0480,0.1712,0.0002,0.8501,0.0377,,,,,29,0.1437,0.0172,0.1247,0.0002,0.1889,0.0630
1000,Random,,,,,,,30,0.2610,0.0351,0.1584,0.0003,0.6543,0.0555,,,,,30,0.2739,0.0396,0.1610,0.0002,0.8745,0.0318,,,,,30,0.1405,0.0154,0.0996,0.0002,0.1914,0.0417
,,,Random Averages,,,,,,,
,,,Average,0.3417,0.0492,0.1810,0.0008,0.6220,0.0748
,,,Treap Averages,,,,,,,
,,,Average,0.3430,0.0605,0.2848,0.0006,0.9296,0.0883
,,,TreeMap Averages,,,,,,,
,,,Average,0.1567,0.0250,0.1385,0.0002,0.2666,0.0791
1000,Sorted Ascending,,,,,,,1,0.1853,0.0295,0.0921,0.0004,0.3687,0.0298,,,,,1,0.1997,0.0310,0.1161,0.0002,0.6022,0.0255,,,,,1,0.0802,0.0144,0.0625,0.0001,0.1011,0.0407
1000,Sorted Ascending,,,,,,,2,0.1793,0.0298,0.1027,0.0003,0.3529,0.0262,,,,,2,0.2073,0.0323,0.1094,0.0002,0.6022,0.0328,,,,,2,0.0876,0.0125,0.0590,0.0001,0.2276,0.3516
1000,Sorted Ascending,,,,,,,3,0.3152,0.0462,0.1184,0.0003,0.4982,0.1226,,,,,3,0.2108,0.0421,0.0972,0.0002,0.5990,0.0712,,,,,3,0.1118,0.0159,0.0588,0.0002,0.0874,0.1002
1000,Sorted Ascending,,,,,,,4,0.1119,0.0183,0.0620,0.0002,0.1561,0.0222,,,,,4,0.1148,0.0212,0.0674,0.0002,0.2888,0.0133,,,,,4,0.0641,0.0102,0.0510,0.0001,0.0457,0.0243
1000,Sorted Ascending,,,,,,,5,0.1065,0.0174,0.0615,0.0002,0.1606,0.0125,,,,,5,0.1840,0.0322,0.1151,0.0001,0.9813,0.1446,,,,,5,0.0893,0.0142,0.0591,0.0001,0.1280,0.0441
1000,Sorted Ascending,,,,,,,6,0.2176,0.0306,0.0989,0.0003,0.3998,0.0382,,,,,6,0.2115,0.0423,0.1117,0.0002,0.6455,0.0363,,,,,6,0.0866,0.0162,0.0645,0.0001,0.1027,0.0375
1000,Sorted Ascending,,,,,,,7,0.1876,0.0305,0.0818,0.0003,0.3377,0.0325,,,,,7,0.2123,0.0316,0.1154,0.0002,0.5823,0.0607,,,,,7,0.0858,0.0157,0.0569,0.0002,0.0675,0.0586
1000,Sorted Ascending,,,,,,,8,0.1907,0.0306,0.0890,0.0003,0.3608,0.0358,,,,,8,0.2068,0.0358,0.1326,0.0002,0.6400,0.0426,,,,,8,0.0835,0.0149,0.0576,0.0002,0.0951,0.0436
1000,Sorted Ascending,,,,,,,9,0.1757,0.0290,0.1006,0.0003,0.3532,0.0278,,,,,9,0.2115,0.0319,0.1252,0.0001,0.6512,0.0462,,,,,9,0.0824,0.0149,0.0595,0.0002,0.0839,0.0391
1000,Sorted Ascending,,,,,,,10,0.1920,0.0301,0.0895,0.0003,0.3528,0.0277,,,,,10,0.2323,0.0330,0.1125,0.0002,0.4885,0.0347,,,,,10,0.1856,0.0134,0.0631,0.0001,0.0871,0.0434
1000,Sorted Ascending,,,,,,,11,0.1640,0.0280,0.1058,0.0002,0.4186,0.1365,,,,,11,0.2374,0.0436,0.1405,0.0004,0.6017,0.0372,,,,,11,0.0999,0.0184,0.0690,0.0001,0.1086,0.0507
1000,Sorted Ascending,,,,,,,12,0.2135,0.0374,0.1072,0.0003,0.3242,0.1188,,,,,12,0.2370,0.0367,0.0965,0.0001,0.5412,0.0398,,,,,12,0.1304,0.0152,0.0577,0.0001,0.0837,0.0418
1000,Sorted Ascending,,,,,,,13,0.1772,0.0288,0.1017,0.0002,0.3446,0.0356,,,,,13,0.2643,0.0324,0.1241,0.0003,3.2446,0.1236,,,,,13,0.1141,0.0361,0.0832,0.0006,0.1506,0.1271
1000,Sorted Ascending,,,,,,,14,0.2546,0.0374,0.1096,0.0007,0.5115,0.0931,,,,,14,0.2450,0.0352,0.1197,0.0003,0.5960,0.0427,,,,,14,0.0878,0.0146,0.0606,0.0002,0.1020,0.0378
1000,Sorted Ascending,,,,,,,15,0.1955,0.0392,0.1281,0.0003,0.3625,0.0276,,,,,15,0.1329,0.0221,0.0746,0.0002,0.3108,0.0351,,,,,15,0.0626,0.0161,0.0510,0.0001,0.0490,0.0294
1000,Sorted Ascending,,,,,,,16,0.1752,0.0377,0.0956,0.0002,0.3364,0.0370,,,,,16,0.1519,0.0255,0.0903,0.0002,0.3519,0.0298,,,,,16,0.0886,0.0143,0.0578,0.0002,0.0863,0.0399
1000,Sorted Ascending,,,,,,,17,0.1765,0.0258,0.0892,0.0002,0.3054,0.0281,,,,,17,0.1977,0.0300,0.0859,0.0001,0.5411,0.0265,,,,,17,0.0641,0.0109,0.0603,0.0001,0.0476,0.0267
1000,Sorted Ascending,,,,,,,18,0.1262,0.0190,0.0581,0.0003,0.1701,0.0195,,,,,18,0.2241,0.0352,0.1080,0.0001,0.5997,0.0544,,,,,18,0.0910,0.0137,0.0617,0.0002,0.0895,0.0893
1000,Sorted Ascending,,,,,,,19,0.1884,0.0341,0.1071,0.0003,0.3545,0.0944,,,,,19,0.2210,0.0303,0.1257,0.0003,0.6400,0.0245,,,,,19,0.0950,0.0155,0.0602,0.0002,0.0852,0.0511
1000,Sorted Ascending,,,,,,,20,0.1887,0.0305,0.0976,0.0002,0.3628,0.0285,,,,,20,0.2132,0.0311,0.1143,0.0002,0.6287,0.0270,,,,,20,0.0900,0.0146,0.0567,0.0002,0.0866,0.0549
1000,Sorted Ascending,,,,,,,21,0.1824,0.0312,0.0884,0.0002,0.3344,0.0383,,,,,21,0.1937,0.0339,0.1156,0.0002,0.5996,0.0739,,,,,21,0.1104,0.0143,0.0618,0.0002,0.0964,0.1019
1000,Sorted Ascending,,,,,,,22,0.1961,0.0297,0.0903,0.0002,0.3477,0.0400,,,,,22,0.1967,0.0304,0.1136,0.0002,0.6118,0.0472,,,,,22,0.0939,0.0155,0.0644,0.0001,0.0886,0.0426
1000,Sorted Ascending,,,,,,,23,0.1831,0.0289,0.1074,0.0002,0.3581,0.0454,,,,,23,0.2116,0.0290,0.1208,0.0002,0.6055,0.0301,,,,,23,0.0907,0.0144,0.0612,0.0002,0.0818,0.0388
1000,Sorted Ascending,,,,,,,24,0.1888,0.0294,0.0831,0.0003,0.3536,0.0259,,,,,24,0.2451,0.0371,0.2254,0.0004,1.0182,0.1528,,,,,24,0.1758,0.2831,0.0638,0.0001,0.1562,0.2282
1000,Sorted Ascending,,,,,,,25,0.2024,0.0343,0.0912,0.0002,0.3402,0.0526,,,,,25,0.2118,0.0463,0.1005,0.0003,0.4822,0.0547,,,,,25,0.0843,0.0255,0.0696,0.0001,0.1034,0.1134
1000,Sorted Ascending,,,,,,,26,0.2127,0.0322,0.1061,0.0004,0.3966,0.0271,,,,,26,0.2708,0.0414,0.1609,0.0004,0.5234,0.0296,,,,,26,0.0988,0.0153,0.0692,0.0001,0.0846,0.0569
1000,Sorted Ascending,,,,,,,27,0.1899,0.0288,0.0896,0.0003,0.3496,0.0230,,,,,27,0.1910,0.0315,0.1117,0.0002,0.5615,0.0238,,,,,27,0.0901,0.0149,0.0620,0.0002,0.0876,0.0465
1000,Sorted Ascending,,,,,,,28,0.1775,0.0277,0.0834,0.0003,0.2856,0.0222,,,,,28,0.2119,0.0286,0.1171,0.0002,0.5853,0.0260,,,,,28,0.0929,0.0176,0.0633,0.0002,0.1048,0.0361
1000,Sorted Ascending,,,,,,,29,0.1945,0.0310,0.1075,0.0002,0.3140,0.0383,,,,,29,0.2650,0.0396,0.1095,0.0002,0.6136,0.0314,,,,,29,0.1043,0.0182,0.0623,0.0002,0.0929,0.0438
1000,Sorted Ascending,,,,,,,30,0.2634,0.0393,0.1429,0.0006,0.3429,0.0322,,,,,30,0.2347,0.0423,0.1233,0.0011,0.5604,0.0413,,,,,30,0.1007,0.0292,0.0679,0.0002,0.1113,0.0428
,,,Sorted Ascending Averages,,,,,,,
,,,Average,0.1904,0.0307,0.0962,0.0003,0.3418,0.0446
,,,Treap Averages,,,,,,,
,,,Average,0.2116,0.0339,0.1160,0.0002,0.6766,0.0486
,,,TreeMap Averages,,,,,,,
,,,Average,0.0974,0.0253,0.0619,0.0002,0.0974,0.0694
1000,Sorted Descending,,,,,,,1,0.2072,0.0324,0.0980,0.0004,0.5541,0.0283,,,,,1,0.2352,0.0380,0.1174,0.0002,0.7358,0.0308,,,,,1,0.1030,0.0151,0.0651,0.0003,0.1055,0.0446
1000,Sorted Descending,,,,,,,2,0.1758,0.0301,0.0923,0.0014,0.4441,0.0257,,,,,2,0.1989,0.0363,0.1103,0.0002,0.6927,0.0433,,,,,2,0.1101,0.0160,0.0675,0.0002,0.1134,0.0522
1000,Sorted Descending,,,,,,,3,0.2062,0.0408,0.1015,0.0006,0.5070,0.0309,,,,,3,0.2805,0.0413,0.1196,0.0002,0.8726,0.0378,,,,,3,0.0658,0.0125,0.0536,0.0002,0.0584,0.0324
1000,Sorted Descending,,,,,,,4,0.1346,0.0216,0.0685,0.0054,0.1225,0.0251,,,,,4,0.2372,0.0384,0.1333,0.0002,0.6479,0.1037,,,,,4,0.1012,0.0131,0.0625,0.0002,0.1565,0.0474
1000,Sorted Descending,,,,,,,5,0.4034,0.2574,0.2651,0.0008,0.1303,0.1040,,,,,5,0.4190,0.0867,0.1817,0.0055,0.8551,0.0997,,,,,5,0.1226,0.0232,0.0821,0.0002,0.1134,0.0993
1000,Sorted Descending,,,,,,,6,0.2384,0.0463,0.1144,0.0003,0.1087,0.0333,,,,,6,0.2194,0.0379,0.1198,0.0003,0.6802,0.0270,,,,,6,0.0934,0.0181,0.0754,0.0003,0.1050,0.0501
1000,Sorted Descending,,,,,,,7,0.2238,0.0409,0.1049,0.0004,0.1003,0.0259,,,,,7,0.2735,0.0471,0.1392,0.0005,0.7949,0.0349,,,,,7,0.0981,0.0160,0.0622,0.0002,0.1001,0.0508
1000,Sorted Descending,,,,,,,8,0.1961,0.0311,0.0916,0.0003,0.0892,0.0433,,,,,8,0.2235,0.0436,0.1063,0.0003,0.6446,0.0311,,,,,8,0.0944,0.0134,0.0631,0.0002,0.0900,0.0432
1000,Sorted Descending,,,,,,,9,0.2071,0.0306,0.1029,0.0003,0.0902,0.0222,,,,,9,0.2663,0.0385,0.2438,0.0011,0.8077,0.0329,,,,,9,0.0953,0.0194,0.0785,0.0003,0.1203,0.0439
1000,Sorted Descending,,,,,,,10,0.1870,0.0409,0.0953,0.0003,0.0906,0.0194,,,,,10,0.2041,0.0399,0.1172,0.0002,0.1404,0.0222,,,,,10,0.0978,0.0150,0.0679,0.0001,0.1030,0.0297
1000,Sorted Descending,,,,,,,11,0.1867,0.0311,0.0920,0.0003,0.0880,0.0196,,,,,11,0.2063,0.0454,0.0975,0.0004,0.1354,0.0267,,,,,11,0.0925,0.0138,0.0886,0.0002,0.0975,0.0350
1000,Sorted Descending,,,,,,,12,0.2012,0.0432,0.0992,0.0004,0.0925,0.0256,,,,,12,0.2163,0.0469,0.1043,0.0003,0.0804,0.0213,,,,,12,0.0959,0.0169,0.0619,0.0002,0.0998,0.0311
1000,Sorted Descending,,,,,,,13,0.2150,0.0357,0.1021,0.0003,0.0977,0.0327,,,,,13,0.2551,0.0415,0.1163,0.0003,0.1271,0.0461,,,,,13,0.0878,0.0141,0.0668,0.0002,0.0923,0.0317
1000,Sorted Descending,,,,,,,14,0.1733,0.0359,0.0908,0.0003,0.0888,0.0230,,,,,14,0.2123,0.0387,0.1209,0.0002,0.0790,0.0188,,,,,14,0.0979,0.0149,0.0664,0.0002,0.0947,0.0305
1000,Sorted Descending,,,,,,,15,0.1965,0.0325,0.0928,0.0002,0.0929,0.0212,,,,,15,0.2069,0.0364,0.1024,0.0003,0.0851,0.0217,,,,,15,0.0888,0.0145,0.0610,0.0002,0.0950,0.0274
1000,Sorted Descending,,,,,,,16,0.2101,0.0329,0.0883,0.0003,0.0917,0.0257,,,,,16,0.2127,0.0345,0.0943,0.0002,0.0743,0.0243,,,,,16,0.0955,0.0150,0.0658,0.0002,0.0971,0.0280
1000,Sorted Descending,,,,,,,17,0.2071,0.0378,0.1017,0.0003,0.0917,0.0251,,,,,17,0.2502,0.0431,0.1170,0.0003,0.0862,0.0277,,,,,17,2.0648,0.0322,0.1411,0.0010,0.2077,0.2779
1000,Sorted Descending,,,,,,,18,0.3976,0.0807,0.1240,0.0007,0.1416,0.0841,,,,,18,0.2707,0.0476,0.1310,0.0002,0.1026,0.0335,,,,,18,0.1153,0.0171,0.0883,0.0002,0.1215,0.0483
1000,Sorted Descending,,,,,,,19,0.2357,0.0334,0.0969,0.0003,0.0924,0.0268,,,,,19,0.3777,0.0385,0.1219,0.0004,0.1059,0.0331,,,,,19,0.0699,0.0146,0.0699,0.0002,0.1119,0.0434
1000,Sorted Descending,,,,,,,20,0.1845,0.0365,0.0973,0.0003,0.1012,0.0265,,,,,20,0.2086,0.0372,0.1092,0.0001,0.0711,0.0186,,,,,20,0.0604,0.0123,0.0536,0.0002,0.0622,0.0247
1000,Sorted Descending,,,,,,,21,0.1292,0.0287,0.0659,0.0003,0.0606,0.0140,,,,,21,0.1528,0.0355,0.1086,0.0003,0.0593,0.0146,,,,,21,0.0679,0.0146,0.0616,0.0001,0.0651,0.0275
1000,Sorted Descending,,,,,,,22,0.1714,0.0308,0.0894,0.0009,0.0974,0.0222,,,,,22,0.2517,0.0397,0.1564,0.0022,0.1038,0.0679,,,,,22,0.0741,0.0147,0.0722,0.0002,0.1292,0.0402
1000,Sorted Descending,,,,,,,23,0.2368,0.0302,0.0881,0.0006,0.0858,0.0300,,,,,23,0.2631,0.0417,0.1278,0.0002,0.1069,0.0268,,,,,23,0.0747,0.0172,0.0655,0.0002,0.1179,0.0408
1000,Sorted Descending,,,,,,,24,0.2003,0.0301,0.0934,0.0002,0.1028,0.0302,,,,,24,0.2381,0.0347,0.0946,0.0003,0.0805,0.0280,,,,,24,0.0817,0.0152,0.0654,0.0002,0.0722,0.0335
1000,Sorted Descending,,,,,,,25,0.2359,0.0329,0.0997,0.0003,0.0989,0.0266,,,,,25,0.2172,0.0360,0.1119,0.0003,0.0908,0.0245,,,,,25,0.0622,0.0588,0.0616,0.0002,0.1118,0.0407
1000,Sorted Descending,,,,,,,26,0.1988,0.0386,0.0945,0.0003,0.0834,0.0205,,,,,26,0.1926,0.0327,0.1086,0.0003,0.0922,0.0265,,,,,26,0.0636,0.0203,0.0582,0.0002,0.0661,0.0328
1000,Sorted Descending,,,,,,,27,0.1735,0.0282,0.0964,0.0003,0.0759,0.0157,,,,,27,0.1966,0.0305,0.1070,0.0003,0.0768,0.0211,,,,,27,0.0624,0.0115,0.0694,0.0001,0.0692,0.0259
1000,Sorted Descending,,,,,,,28,0.1969,0.0307,0.0918,0.0003,0.0940,0.0239,,,,,28,0.2699,0.0420,0.1192,0.0003,0.0933,0.0260,,,,,28,0.0717,0.0268,0.0608,0.0002,0.1072,0.0406
1000,Sorted Descending,,,,,,,29,0.1859,0.0289,0.0961,0.0003,0.0905,0.0532,,,,,29,0.2016,0.0316,0.1054,0.0003,0.1016,0.0320,,,,,29,0.0586,0.0125,0.0607,0.0002,0.0779,0.0260
1000,Sorted Descending,,,,,,,30,0.2728,0.0484,0.0974,0.0002,0.0883,0.0500,,,,,30,0.2468,0.0428,0.1170,0.0002,0.0888,0.0459,,,,,30,0.0717,0.0154,0.0587,0.0001,0.0675,0.0908
,,,Sorted Descending Averages,,,,,,,
,,,Average,0.2130,0.0433,0.1011,0.0006,0.1364,0.0318
,,,Treap Averages,,,,,,,
,,,Average,0.2402,0.0408,0.1220,0.0005,0.2904,0.0350
,,,TreeMap Averages,,,,,,,
,,,Average,0.1513,0.0178,0.0692,0.0002,0.1010,0.0490
1000,Partially Sorted,,,,,,,1,0.3266,0.0398,0.1455,0.0010,0.2797,0.0605,,,,,1,0.2681,0.0471,0.1550,0.0004,0.3096,0.0290,,,,,1,0.0978,0.0209,0.0753,0.0009,0.1562,0.1468
1000,Partially Sorted,,,,,,,2,0.2247,0.0298,0.1181,0.0003,0.1897,0.0259,,,,,2,0.2341,0.0304,0.1324,0.0002,0.2330,0.0229,,,,,2,0.0767,0.0131,0.0707,0.0001,0.1211,0.0374
1000,Partially Sorted,,,,,,,3,0.2277,0.0272,0.1100,0.0002,0.1718,0.0225,,,,,3,0.2231,0.0299,0.1358,0.0002,0.2438,0.0241,,,,,3,0.0765,0.0128,0.0707,0.0001,0.1147,0.0409
1000,Partially Sorted,,,,,,,4,0.2098,0.0285,0.1142,0.0002,0.1706,0.0243,,,,,4,0.2167,0.0309,0.1298,0.0002,0.2400,0.0201,,,,,4,0.0763,0.0122,0.0722,0.0002,0.1071,0.0342
1000,Partially Sorted,,,,,,,5,0.1757,0.0206,0.0743,0.0002,0.1119,0.0116,,,,,5,0.1412,0.0208,0.0877,0.0002,0.1497,0.0152,,,,,5,0.0591,0.0092,0.0557,0.0001,0.2073,0.0225
1000,Partially Sorted,,,,,,,6,0.2099,0.0298,0.1169,0.0003,0.1735,0.0259,,,,,6,0.2196,0.0322,0.2838,0.0002,0.2339,0.0257,,,,,6,0.0753,0.0112,0.0582,0.0002,0.0808,0.0303
1000,Partially Sorted,,,,,,,7,0.1639,0.0279,0.1092,0.0003,0.1172,0.0150,,,,,7,0.1593,0.0216,0.0929,0.0001,0.1637,0.0112,,,,,7,0.0602,0.0092,0.0682,0.0001,0.0774,0.0235
1000,Partially Sorted,,,,,,,8,0.1236,0.0165,0.0764,0.0002,0.1353,0.0159,,,,,8,0.2097,0.0288,0.0991,0.0002,0.2191,0.0204,,,,,8,0.0891,0.0124,0.0803,0.0001,0.1102,0.0264
1000,Partially Sorted,,,,,,,9,0.1866,0.0257,0.0989,0.0002,0.1639,0.0262,,,,,9,0.2099,0.0285,0.1322,0.0002,0.2286,0.0622,,,,,9,0.0752,0.0130,0.0697,0.0002,0.1152,0.0332
1000,Partially Sorted,,,,,,,10,0.1982,0.0345,0.0961,0.0002,0.1460,0.0292,,,,,10,0.2333,0.0361,0.1342,0.0002,0.2574,0.0261,,,,,10,0.0807,0.0124,0.0744,0.0002,0.1088,0.0302
1000,Partially Sorted,,,,,,,11,0.1929,0.0265,0.0981,0.0002,0.1626,0.0318,,,,,11,0.2328,0.0323,0.1211,0.0002,0.3058,0.0195,,,,,11,0.0865,0.0169,0.0851,0.0002,0.2247,0.0670
1000,Partially Sorted,,,,,,,12,0.2050,0.0284,0.1179,0.0002,0.1760,0.0153,,,,,12,0.2359,0.0310,0.1272,0.0002,0.2480,0.0142,,,,,12,0.0779,0.0154,0.0759,0.0001,0.1046,0.0263
1000,Partially Sorted,,,,,,,13,0.2669,0.0621,0.1074,0.0003,0.1730,0.0196,,,,,13,0.2731,0.0310,0.1355,0.0002,0.3605,0.0202,,,,,13,0.0886,0.0210,0.0948,0.0001,0.1799,0.4380
1000,Partially Sorted,,,,,,,14,0.2610,0.0679,0.2008,0.0004,0.2559,0.1037,,,,,14,0.2558,0.0414,0.1189,0.0013,0.4082,0.0636,,,,,14,0.1022,0.0195,0.0903,0.0001,0.1422,0.1700
1000,Partially Sorted,,,,,,,15,0.2278,0.0284,0.1175,0.0003,0.1886,0.0170,,,,,15,0.2316,0.0357,0.1406,0.0002,0.2530,0.0170,,,,,15,0.0756,0.0132,0.0734,0.0001,0.1144,0.0385
1000,Partially Sorted,,,,,,,16,0.2182,0.0258,0.1075,0.0003,0.1597,0.0217,,,,,16,0.2309,0.0299,0.1297,0.0003,0.2471,0.0162,,,,,16,0.0808,0.0128,0.0705,0.0002,0.1170,0.0301
1000,Partially Sorted,,,,,,,17,0.2134,0.0290,0.1120,0.0002,0.1638,0.0135,,,,,17,0.2182,0.0318,0.1220,0.0001,0.2382,0.0165,,,,,17,0.0757,0.0129,0.0726,0.0001,0.1076,0.0355
1000,Partially Sorted,,,,,,,18,0.2006,0.0256,0.1004,0.0003,0.1699,0.0158,,,,,18,0.2086,0.0314,0.1421,0.0002,0.2185,0.0163,,,,,18,0.0757,0.0124,0.0872,0.0001,0.1499,0.0364
1000,Partially Sorted,,,,,,,19,0.2077,0.0361,0.1120,0.0002,0.1663,0.0145,,,,,19,0.2345,0.0356,0.1388,0.0002,0.2546,0.0121,,,,,19,0.0838,0.0129,0.0702,0.0002,0.1049,0.0268
1000,Partially Sorted,,,,,,,20,0.1985,0.0275,0.1084,0.0002,0.1694,0.0130,,,,,20,0.2045,0.0315,0.0908,0.0002,0.2126,0.0128,,,,,20,0.0826,0.0100,0.0639,0.0002,0.1072,0.0417
1000,Partially Sorted,,,,,,,21,0.2007,0.0287,0.1059,0.0003,0.1623,0.0189,,,,,21,0.1754,0.0347,0.2023,0.0005,0.2583,0.0385,,,,,21,0.0761,0.0127,0.0729,0.0001,0.1175,0.0821
1000,Partially Sorted,,,,,,,22,0.2079,0.0258,0.1055,0.0003,0.1799,0.0189,,,,,22,0.2269,0.0331,0.1291,0.0006,0.2306,0.0141,,,,,22,0.0834,0.0129,0.0789,0.0002,0.1032,0.0564
1000,Partially Sorted,,,,,,,23,0.1316,0.0177,0.0734,0.0001,0.1060,0.0136,,,,,23,0.1332,0.0261,0.0898,0.0002,0.1582,0.0069,,,,,23,0.0669,0.0118,0.0681,0.0001,0.1025,0.0528
1000,Partially Sorted,,,,,,,24,0.1780,0.0225,0.0739,0.0002,0.1263,0.0130,,,,,24,0.2380,0.0373,0.1399,0.0002,0.2292,0.0171,,,,,24,0.0761,0.0126,0.0705,0.0001,0.1504,0.0414
1000,Partially Sorted,,,,,,,25,0.1950,0.0286,0.1086,0.0003,0.2500,0.0155,,,,,25,0.2382,0.0337,0.1311,0.0001,0.2446,0.0138,,,,,25,0.0730,0.0125,0.0764,0.0001,0.0924,0.0272
1000,Partially Sorted,,,,,,,26,0.1822,0.0265,0.1122,0.0002,0.1527,0.0131,,,,,26,0.2542,0.0693,0.1177,0.0002,0.2728,0.0819,,,,,26,0.1015,0.0182,0.0637,0.0002,0.0909,0.2098
1000,Partially Sorted,,,,,,,27,0.2544,0.0391,0.1484,0.0002,0.1863,0.0498,,,,,27,0.2432,0.0417,0.1469,0.0002,0.2424,0.1016,,,,,27,0.0763,0.0168,0.0849,0.0001,0.1077,0.1038
1000,Partially Sorted,,,,,,,28,0.1561,0.0300,0.1117,0.0002,0.1879,0.0178,,,,,28,0.2562,0.0472,0.1405,0.0003,0.2879,0.0175,,,,,28,0.0784,0.0142,0.0820,0.0002,0.2660,0.0401
1000,Partially Sorted,,,,,,,29,0.1397,0.0269,0.1083,0.0003,0.1794,0.0133,,,,,29,0.1055,0.0219,0.0924,0.0003,0.2212,0.0133,,,,,29,0.1969,0.0106,0.0575,0.0001,0.0902,0.0263
1000,Partially Sorted,,,,,,,30,0.1014,0.0180,0.0738,0.0002,0.1074,0.0075,,,,,30,0.0968,0.0210,0.0905,0.0002,0.1665,0.0069,,,,,30,0.0649,0.0100,0.0617,0.0001,0.0897,0.0164
,,,Partially Sorted Averages,,,,,,,
,,,Average,0.1995,0.0300,0.1088,0.0003,0.1694,0.0235
,,,Treap Averages,,,,,,,
,,,Average,0.2136,0.0335,0.1310,0.0003,0.2446,0.0259
,,,TreeMap Averages,,,,,,,
,,,Average,0.0830,0.0135,0.0732,0.0002,0.1254,0.0664
10000,Random,,,,,,,1,2.0186,0.5722,2.0900,0.0003,2.3540,0.0871,,,,,1,4.1388,0.6516,6.2977,0.0004,4.7081,0.0710,,,,,1,1.8735,0.2489,1.8343,0.0002,2.4137,0.1104
10000,Random,,,,,,,2,1.8963,0.3029,2.2772,0.0003,3.5024,0.1193,,,,,2,6.0046,0.6143,2.5375,0.0002,4.7925,0.0736,,,,,2,1.4116,0.1740,1.2311,0.0001,1.5444,0.0776
10000,Random,,,,,,,3,2.2661,0.3386,1.7939,0.0002,3.0510,0.0652,,,,,3,3.6757,0.4754,3.1195,0.0004,4.2257,0.0625,,,,,3,1.4606,0.2132,1.3343,0.0002,1.7499,0.1027
10000,Random,,,,,,,4,1.8619,0.3303,1.7776,0.0002,3.2117,0.1188,,,,,4,2.9251,0.6718,2.8876,0.0002,4.4285,0.1566,,,,,4,1.3851,0.3668,1.4001,0.0001,1.5844,0.0892
10000,Random,,,,,,,5,2.3247,0.5795,2.0325,0.0002,2.5957,0.1610,,,,,5,3.4025,0.4871,2.5515,0.0004,4.0984,0.1155,,,,,5,1.3067,0.1999,1.2529,0.0002,1.6706,0.1055
10000,Random,,,,,,,6,2.5464,0.5538,4.8237,0.0008,5.8292,0.0900,,,,,6,2.8918,0.5732,2.6635,0.0002,4.0395,0.0736,,,,,6,1.4808,0.1814,1.4256,0.0002,1.9507,0.1028
10000,Random,,,,,,,7,3.8134,0.4212,2.4701,0.0004,3.3624,0.1048,,,,,7,3.0742,0.4883,3.0794,0.0003,5.6454,0.1501,,,,,7,2.2482,0.3320,1.7460,0.0001,2.2692,0.1084
10000,Random,,,,,,,8,2.5511,0.6282,2.4761,0.0002,2.4906,0.0951,,,,,8,3.0657,0.5923,2.8408,0.0004,7.9969,0.0822,,,,,8,1.6063,0.1843,1.2598,0.0001,1.6197,0.0836
10000,Random,,,,,,,9,2.3628,0.5177,1.9076,0.0003,2.7767,0.0786,,,,,9,3.5018,0.8621,6.8556,0.0004,5.4506,0.1210,,,,,9,1.6431,0.2317,1.7495,0.0008,2.4039,0.1088
10000,Random,,,,,,,10,2.0967,0.3304,1.9862,0.0002,2.4309,0.0940,,,,,10,3.7810,0.7388,3.4508,0.0003,4.9299,0.2170,,,,,10,1.5268,0.1841,1.2877,0.0001,1.6190,0.0844
10000,Random,,,,,,,11,2.0274,0.3666,1.9710,0.0004,6.4295,0.0867,,,,,11,3.9051,0.6893,3.4981,0.0003,5.1965,0.1076,,,,,11,2.0077,0.2481,1.5860,0.0002,2.1744,0.1024
10000,Random,,,,,,,12,2.7110,0.3678,1.9060,0.0002,2.5035,0.0704,,,,,12,3.3136,0.5953,2.8690,0.0003,4.9114,0.1174,,,,,12,1.3192,0.1816,1.2341,0.0001,3.0849,0.5842
10000,Random,,,,,,,13,2.1585,0.3826,1.8859,0.0002,2.4056,0.0720,,,,,13,3.6818,0.6999,3.4008,0.0003,5.3334,0.1623,,,,,13,2.3673,0.2825,1.5237,0.0002,2.0126,0.1451
10000,Random,,,,,,,14,2.3280,0.5443,2.3597,0.0003,2.5261,0.0742,,,,,14,3.6368,0.7180,3.0696,0.0003,9.7949,0.1196,,,,,14,1.4470,0.1910,1.3100,0.0001,1.8811,0.1828
10000,Random,,,,,,,15,1.9844,0.3295,1.8254,0.0013,4.0963,0.1217,,,,,15,5.5424,0.8706,4.1761,0.0005,6.3164,0.1116,,,,,15,2.0262,0.2835,2.0006,0.0002,2.5817,0.1433
10000,Random,,,,,,,16,3.4741,0.7002,2.4972,0.0002,3.1791,0.0881,,,,,16,4.4949,0.7491,3.5606,0.0003,5.5163,0.1311,,,,,16,2.1323,0.2220,1.5003,0.0002,2.1511,0.1348
10000,Random,,,,,,,17,2.1099,0.3819,2.0709,0.0002,2.6631,0.0708,,,,,17,3.4514,0.7520,3.8626,0.0004,10.0024,0.1611,,,,,17,2.2065,0.3563,2.1276,0.0005,2.8853,0.2295
10000,Random,,,,,,,18,3.4564,0.5856,3.1529,0.0004,7.7775,0.1352,,,,,18,4.4935,1.1394,4.8576,0.0004,6.5532,0.1120,,,,,18,2.1089,0.3188,2.0185,0.0003,2.5297,0.0720
10000,Random,,,,,,,19,2.4242,0.4290,2.4160,0.0003,4.6808,0.1434,,,,,19,10.4933,0.9011,4.3595,0.0004,6.5370,0.1136,,,,,19,1.9099,0.2645,1.8689,0.0002,2.3571,0.0785
10000,Random,,,,,,,20,3.0035,1.8092,3.6008,0.0003,3.9557,0.1071,,,,,20,5.2377,0.9446,4.3185,0.0003,5.8700,0.1107,,,,,20,1.9931,0.4152,1.7248,0.0001,2.1205,0.0804
10000,Random,,,,,,,21,2.8674,0.6623,2.5633,0.0003,2.5172,0.0721,,,,,21,2.6594,0.5112,2.3934,0.0002,6.8652,0.1381,,,,,21,1.2962,0.2190,1.2450,0.0001,1.6537,0.0875
10000,Random,,,,,,,22,2.0933,0.3332,1.8359,0.0003,3.0839,0.4045,,,,,22,6.4209,0.8569,3.1366,0.0004,5.2058,0.3706,,,,,22,1.4365,0.2152,1.3942,0.0001,2.0684,0.1934
10000,Random,,,,,,,23,2.9328,0.4403,2.2782,0.0003,4.0233,0.4081,,,,,23,5.5975,0.5594,6.0806,0.0007,8.8830,0.3939,,,,,23,3.2294,0.5531,3.0658,0.0003,3.7858,0.1799
10000,Random,,,,,,,24,2.0343,0.3347,1.8953,0.0002,2.3477,0.0686,,,,,24,2.7182,0.4671,2.6389,0.0004,8.6739,0.1690,,,,,24,2.3108,0.3480,2.1673,0.0002,2.9164,0.1004
10000,Random,,,,,,,25,2.7912,0.4553,1.9191,0.0002,7.1573,0.3662,,,,,25,6.8275,1.0853,5.7255,0.0005,11.8797,0.2461,,,,,25,3.0966,0.4786,3.1516,0.0003,4.6328,0.1771
10000,Random,,,,,,,26,5.1695,1.6284,4.4397,0.0004,4.6978,0.1901,,,,,26,6.5347,1.8714,8.6681,0.0004,10.1550,0.2441,,,,,26,3.2956,0.4626,3.1531,0.0002,4.1710,0.1416
10000,Random,,,,,,,27,5.8028,1.1413,4.6839,0.0006,6.4125,0.2663,,,,,27,6.6781,1.0052,5.9704,0.0005,7.1114,0.1324,,,,,27,2.2199,0.3467,2.2746,0.0008,3.2502,0.1743
10000,Random,,,,,,,28,4.5923,0.7239,3.8505,0.0003,5.2571,0.1407,,,,,28,7.1792,1.1135,6.1124,0.0003,9.3869,0.1668,,,,,28,4.2040,0.6712,4.5871,0.0005,4.2460,0.1578
10000,Random,,,,,,,29,5.0808,0.8888,4.6870,0.0007,6.7272,0.2910,,,,,29,8.0247,1.6648,7.5715,0.0005,13.4798,0.3372,,,,,29,3.5825,0.5029,3.2744,0.0003,4.4045,0.1883
10000,Random,,,,,,,30,5.6353,1.0071,5.0397,0.0006,7.1409,0.1750,,,,,30,10.3710,1.3362,6.7248,0.0003,8.2990,0.1189,,,,,30,2.9144,0.5547,3.8247,0.0003,2.7793,0.1153
,,,Random Averages,,,,,,,
,,,Average,2.9472,0.6029,2.6838,0.0004,4.0396,0.1455
,,,Treap Averages,,,,,,,
,,,Average,4.9241,0.8228,4.3093,0.0004,6.8762,0.1562
,,,TreeMap Averages,,,,,,,
,,,Average,2.1016,0.3144,1.9851,0.0002,2.5504,0.1414
10000,Sorted Ascending,,,,,,,1,1.6467,0.4076,1.5060,0.0011,1.4076,0.1336,,,,,1,2.9923,0.7517,2.4268,0.0010,1.0525,0.1998,,,,,1,1.7937,0.3840,1.6461,0.0004,1.4278,0.1534
10000,Sorted Ascending,,,,,,,2,2.2941,0.5501,1.6722,0.0003,1.3759,0.1665,,,,,2,2.2560,0.7599,2.6816,0.0012,2.8440,0.2348,,,,,2,1.8286,0.4197,1.6200,0.0011,1.7662,0.2007
10000,Sorted Ascending,,,,,,,3,3.8585,0.7949,1.9871,0.0006,1.5984,0.1384,,,,,3,2.6880,1.0495,3.4076,0.0022,4.1400,0.2478,,,,,3,2.4806,0.5858,2.2026,0.0007,2.1052,0.6146
10000,Sorted Ascending,,,,,,,4,4.0294,0.9189,2.4447,0.0008,1.7587,0.1590,,,,,4,3.1656,0.8933,2.8174,0.0014,2.7438,0.2852,,,,,4,1.9279,0.4266,1.8330,0.0008,1.1739,0.1378
10000,Sorted Ascending,,,,,,,5,2.9213,0.6058,2.3170,0.0006,1.8571,0.1777,,,,,5,2.8721,0.8003,2.5838,0.0018,3.4299,0.4434,,,,,5,1.7958,0.4743,1.7103,0.0003,1.2299,0.1537
10000,Sorted Ascending,,,,,,,6,2.6391,0.6251,2.3068,0.0014,1.9338,0.1800,,,,,6,3.0168,0.8625,3.3367,0.0036,3.7573,0.3346,,,,,6,1.9964,0.4258,1.7537,0.0003,1.1257,0.1458
10000,Sorted Ascending,,,,,,,7,3.3093,0.4579,1.6248,0.0006,1.3584,0.1232,,,,,7,1.8009,0.5075,3.0645,0.0017,2.0341,0.1101,,,,,7,1.1421,0.2624,0.8962,0.0002,0.5624,0.0851
10000,Sorted Ascending,,,,,,,8,0.9846,0.2718,0.8710,0.0008,0.7168,0.0669,,,,,8,3.1130,0.7482,2.4973,0.0007,2.2582,0.1561,,,,,8,1.9363,0.3959,1.9031,0.0014,1.2223,0.1458
10000,Sorted Ascending,,,,,,,9,1.9028,0.5830,2.2445,0.0011,1.6971,0.1746,,,,,9,2.9524,0.7661,2.8431,0.0007,3.0127,0.1520,,,,,9,1.8854,0.3860,2.3580,0.0012,2.1442,0.4678
10000,Sorted Ascending,,,,,,,10,2.4427,0.6129,2.1335,0.0011,1.9383,0.1708,,,,,10,3.0167,0.3648,2.2604,0.0018,2.4080,0.1902,,,,,10,1.4211,0.2789,0.9782,0.0031,1.3804,0.2822
10000,Sorted Ascending,,,,,,,11,1.5611,1.3288,2.1315,0.0009,1.7099,0.1565,,,,,11,3.4965,1.2924,3.1487,0.0009,2.4647,0.1654,,,,,11,1.8174,0.6458,1.7495,0.0007,1.6076,0.3699
10000,Sorted Ascending,,,,,,,12,2.5639,0.6226,2.3902,0.0010,2.0139,0.1607,,,,,12,3.3213,0.9539,2.8844,0.0012,2.5675,0.1656,,,,,12,2.4633,0.4823,3.1928,0.0051,2.2835,0.2336
10000,Sorted Ascending,,,,,,,13,3.7817,0.6493,2.1743,0.0006,2.5968,0.2929,,,,,13,4.2249,0.8967,3.5967,0.0033,2.3332,0.1449,,,,,13,1.4864,0.3152,1.3596,0.0003,0.9446,0.1257
10000,Sorted Ascending,,,,,,,14,4.2625,0.8857,3.3708,0.0009,3.5350,0.2854,,,,,14,6.1355,0.8190,2.2955,0.0009,1.8467,0.1302,,,,,14,1.1761,0.2539,1.1032,0.0004,0.7885,0.1269
10000,Sorted Ascending,,,,,,,15,1.2557,0.3246,1.0805,0.0005,0.8755,0.0737,,,,,15,5.6225,0.7320,2.0162,0.0048,1.2756,0.1111,,,,,15,0.7694,0.1839,0.7448,0.0002,0.5751,0.0756
10000,Sorted Ascending,,,,,,,16,1.5992,0.3746,1.7369,0.0006,1.2167,0.1011,,,,,16,2.3869,0.6164,2.2908,0.0009,2.0909,0.1498,,,,,16,1.7225,0.3764,1.7432,0.0010,1.0843,0.5506
10000,Sorted Ascending,,,,,,,17,2.2110,0.5795,2.1116,0.0009,1.7370,0.1467,,,,,17,2.6747,0.6131,2.5071,0.0008,2.0122,0.1426,,,,,17,1.5200,0.3328,1.3790,0.0005,0.9009,0.1516
10000,Sorted Ascending,,,,,,,18,2.8918,0.5228,2.4430,0.0024,1.3688,0.1129,,,,,18,1.5451,0.3581,1.6694,0.0006,1.4411,0.1012,,,,,18,1.2318,0.2206,0.9892,0.0002,0.6437,0.0928
10000,Sorted Ascending,,,,,,,19,1.3406,0.3181,1.2996,0.0005,1.1113,0.0996,,,,,19,1.7771,0.8428,1.3191,0.0009,1.1147,0.0940,,,,,19,0.8703,0.1936,1.7523,0.0013,0.9777,0.2495
10000,Sorted Ascending,,,,,,,20,1.0675,0.2105,0.8354,0.0003,0.6694,0.0591,,,,,20,1.2873,0.3190,1.0693,0.0012,0.9394,0.0759,,,,,20,0.7830,0.2478,0.7554,0.0003,0.4565,0.0716
10000,Sorted Ascending,,,,,,,21,0.8559,0.2120,0.8750,0.0003,0.6944,0.0525,,,,,21,1.1001,0.2638,1.0247,0.0006,0.8967,0.0706,,,,,21,0.6457,0.1401,0.6094,0.0001,0.4789,0.0600
10000,Sorted Ascending,,,,,,,22,1.1587,0.2252,1.1699,0.0004,1.3063,0.3801,,,,,22,1.1091,0.4357,1.6739,0.0008,1.0150,0.1368,,,,,22,0.6720,0.2668,1.0695,0.0001,0.4257,0.0679
10000,Sorted Ascending,,,,,,,23,1.7278,0.5402,1.0467,0.0009,1.5715,0.1126,,,,,23,1.7373,0.3940,1.6393,0.0006,1.8884,0.1154,,,,,23,0.8946,0.2170,0.8586,0.0008,0.6547,0.1528
10000,Sorted Ascending,,,,,,,24,2.2455,0.3041,1.0105,0.0008,0.7254,0.0698,,,,,24,1.1212,0.2966,1.0687,0.0008,0.9423,0.0690,,,,,24,0.6527,0.1384,0.6241,0.0001,0.4277,0.0662
10000,Sorted Ascending,,,,,,,25,0.9050,0.2242,0.8647,0.0003,0.6500,0.0663,,,,,25,1.6394,0.4098,1.6264,0.0004,1.4393,0.0944,,,,,25,1.1413,0.2346,1.0899,0.0002,0.7361,0.0887
10000,Sorted Ascending,,,,,,,26,1.8072,0.6299,2.7080,0.0012,1.8123,0.1352,,,,,26,2.4264,0.5473,2.9036,0.0022,2.8273,0.1574,,,,,26,1.6547,0.3304,1.4002,0.0008,0.9068,0.1143
10000,Sorted Ascending,,,,,,,27,2.8615,0.6908,2.4545,0.0016,3.6379,0.3955,,,,,27,2.2115,0.7263,2.8491,0.0008,1.8995,0.1439,,,,,27,1.7440,0.3761,1.5967,0.0004,1.1382,0.1421
10000,Sorted Ascending,,,,,,,28,2.0536,0.6891,2.0911,0.0005,1.3911,0.1054,,,,,28,3.5612,0.6142,2.0287,0.0004,1.6724,0.1101,,,,,28,1.2031,0.2346,1.0291,0.0003,0.6981,0.0964
10000,Sorted Ascending,,,,,,,29,2.0437,0.4247,1.7670,0.0005,1.6764,0.1425,,,,,29,1.7218,0.4140,1.6199,0.0011,1.7041,0.1323,,,,,29,0.8470,0.1971,0.7917,0.0006,0.6829,1.1117
10000,Sorted Ascending,,,,,,,30,1.9966,0.3540,1.3301,0.0006,2.0777,0.2239,,,,,30,3.0232,0.5122,1.9972,0.0010,1.7442,0.1303,,,,,30,0.8612,0.2093,0.7772,0.0002,0.6905,0.0961
,,,Sorted Ascending Averages,,,,,,,
,,,Average,2.2073,0.5313,1.8000,0.0008,1.6006,0.1554
,,,Treap Averages,,,,,,,
,,,Average,2.6666,0.6520,2.3049,0.0013,2.0599,0.1598
,,,TreeMap Averages,,,,,,,
,,,Average,1.4121,0.3212,1.3839,0.0008,1.0413,0.2144
10000,Sorted Descending,,,,,,,1,1.3834,0.4021,1.2496,0.0006,0.9578,0.1123,,,,,1,3.2503,0.8462,2.0372,0.0007,1.1132,0.1164,,,,,1,0.7644,0.1651,0.6182,0.0002,0.4820,0.0626
10000,Sorted Descending,,,,,,,2,0.8461,0.2138,0.7996,0.0010,0.5604,0.0810,,,,,2,2.2991,0.8013,2.1645,0.0028,1.3011,0.1855,,,,,2,1.3527,0.3186,1.3247,0.0011,0.8638,0.1433
10000,Sorted Descending,,,,,,,3,1.7836,0.4027,2.5963,0.0014,1.6070,0.1371,,,,,3,2.6844,0.6754,2.5712,0.0009,1.5545,0.1911,,,,,3,1.4905,0.3407,1.4726,0.0005,1.0390,0.1275
10000,Sorted Descending,,,,,,,4,1.7174,0.4344,2.0646,0.0010,1.3583,0.1490,,,,,4,3.6083,0.7919,2.8961,0.0008,1.7460,0.1256,,,,,4,1.4428,0.2961,1.4610,0.0005,1.1338,0.1346
10000,Sorted Descending,,,,,,,5,2.0569,0.4588,1.3400,0.0013,0.8679,0.1090,,,,,5,1.0918,0.2699,1.0439,0.0007,0.6460,0.0752,,,,,5,0.5922,0.1234,0.7538,0.0009,0.4756,0.0835
10000,Sorted Descending,,,,,,,6,4.0231,0.9348,2.8735,0.0017,1.4395,0.1433,,,,,6,2.4537,1.0378,2.4522,0.0014,1.7835,0.1665,,,,,6,1.6294,0.2989,1.4484,0.0005,1.0319,0.1170
10000,Sorted Descending,,,,,,,7,2.2126,0.8855,4.0832,0.0019,2.2837,0.2194,,,,,7,2.3149,0.6212,2.5086,0.0028,2.2935,0.2777,,,,,7,1.8553,0.4358,1.9023,0.0009,1.8518,0.2040
10000,Sorted Descending,,,,,,,8,3.1752,0.8531,2.7749,0.0011,1.1950,0.1637,,,,,8,2.3007,0.5170,3.0253,0.0026,0.9873,0.1603,,,,,8,1.0183,0.2058,1.0199,0.0006,0.8837,0.0848
10000,Sorted Descending,,,,,,,9,2.9177,0.8985,2.5809,0.0012,1.6633,0.1627,,,,,9,3.4926,0.7248,2.1768,0.0020,1.2292,0.1444,,,,,9,1.3072,0.5681,1.7421,0.0011,1.3928,0.1313
10000,Sorted Descending,,,,,,,10,2.1667,0.5376,2.0418,0.0008,1.4756,0.1487,,,,,10,3.7048,1.6142,4.0661,0.0020,2.4544,0.2940,,,,,10,1.8510,0.5116,1.8676,0.0032,2.1557,0.2101
10000,Sorted Descending,,,,,,,11,2.4579,0.7079,2.3753,0.0017,1.3636,0.1424,,,,,11,5.4286,0.9218,2.1353,0.0016,1.3862,0.1639,,,,,11,1.2216,0.2311,1.1687,0.0009,1.1158,0.1046
10000,Sorted Descending,,,,,,,12,1.3637,0.3211,1.4118,0.0009,0.8066,0.0842,,,,,12,1.7329,0.3381,1.4111,0.0004,0.8479,0.0929,,,,,12,0.8782,0.2142,0.9697,0.0003,0.9050,0.0841
10000,Sorted Descending,,,,,,,13,2.0405,0.3885,1.4281,0.0005,0.7365,0.0836,,,,,13,1.4369,0.3778,1.1865,0.0006,0.6222,0.0850,,,,,13,0.6448,0.1332,0.6419,0.0002,0.5152,0.0685
10000,Sorted Descending,,,,,,,14,0.9286,0.2015,0.8428,0.0005,0.5125,0.0560,,,,,14,1.0613,0.2624,0.9616,0.0010,0.5715,0.0717,,,,,14,0.6023,0.1170,0.5996,0.0002,0.4581,0.0636
10000,Sorted Descending,,,,,,,15,1.1004,0.2304,0.8569,0.0006,0.5328,0.0671,,,,,15,1.1147,0.3570,2.0920,0.0097,1.9062,0.1397,,,,,15,0.7367,0.1308,0.6146,0.0002,0.4659,0.0893
10000,Sorted Descending,,,,,,,16,0.8314,0.2083,0.7764,0.0011,0.5791,0.1092,,,,,16,1.0929,0.2882,1.0760,0.0003,0.7131,0.0826,,,,,16,0.6084,0.1194,0.6391,0.0002,0.4692,0.0736
10000,Sorted Descending,,,,,,,17,0.8479,0.2036,0.8329,0.0004,0.5281,0.2664,,,,,17,1.1966,0.2746,1.1304,0.0005,0.8191,0.2657,,,,,17,0.5988,0.1160,0.6142,0.0003,0.6164,0.0691
10000,Sorted Descending,,,,,,,18,0.8393,0.2149,0.9411,0.0005,0.6550,0.0841,,,,,18,2.3956,0.3823,1.2462,0.0009,0.6212,0.0939,,,,,18,0.6083,0.1188,0.5887,0.0003,0.5546,0.0656
10000,Sorted Descending,,,,,,,19,0.8583,0.1937,0.7768,0.0008,0.5560,0.1131,,,,,19,1.1896,0.2788,1.5529,0.0005,0.9025,0.1361,,,,,19,0.7754,0.1706,0.7295,0.0002,0.7430,0.1096
10000,Sorted Descending,,,,,,,20,1.4232,0.3073,1.2289,0.0005,0.7806,0.0660,,,,,20,1.5481,0.5812,3.6325,0.0027,1.5350,0.2193,,,,,20,1.2111,0.1230,0.6172,0.0002,0.4592,0.0649
10000,Sorted Descending,,,,,,,21,0.8093,0.1945,0.8096,0.0004,0.5310,0.0405,,,,,21,1.1118,0.6181,1.7174,0.0014,1.0363,0.0858,,,,,21,1.0357,0.2245,1.0117,0.0004,0.9716,0.1102
10000,Sorted Descending,,,,,,,22,1.8942,0.3863,1.7639,0.0012,1.2617,0.1023,,,,,22,3.1496,0.6253,2.1216,0.0009,1.4361,0.1116,,,,,22,1.0295,0.1943,0.9879,0.0003,0.7738,0.1016
10000,Sorted Descending,,,,,,,23,1.4061,0.4850,1.8694,0.0010,1.2048,0.0814,,,,,23,2.6724,1.1361,2.6609,0.0008,1.6727,0.1840,,,,,23,3.3330,0.4260,1.7647,0.0010,1.1072,0.2091
10000,Sorted Descending,,,,,,,24,2.3067,0.7399,2.1155,0.0015,1.4732,0.1147,,,,,24,3.3970,0.7210,3.2842,0.0012,1.3276,0.1113,,,,,24,2.3477,0.5258,1.3138,0.0010,0.6673,0.1160
10000,Sorted Descending,,,,,,,25,1.1857,0.3086,0.8432,0.0005,0.5597,0.0547,,,,,25,1.1462,0.2734,1.0876,0.0006,0.7746,0.0537,,,,,25,0.6213,0.1221,0.9087,0.0009,0.5727,0.0749
10000,Sorted Descending,,,,,,,26,1.4272,0.3194,1.2194,0.0009,0.6408,0.0583,,,,,26,1.1097,0.2666,1.0074,0.0011,0.5577,0.0531,,,,,26,0.7097,0.1312,0.6171,0.0003,0.4709,0.1236
10000,Sorted Descending,,,,,,,27,1.6654,0.3309,1.2978,0.0011,0.7560,0.1376,,,,,27,1.0483,0.2858,0.9899,0.0004,0.7515,0.0647,,,,,27,0.7432,0.1475,0.7385,0.0007,0.5905,0.0824
10000,Sorted Descending,,,,,,,28,1.2567,0.2993,1.2690,0.0011,0.7595,0.0670,,,,,28,1.4861,0.3677,1.4324,0.0016,0.9511,0.0871,,,,,28,0.8953,0.1689,0.8812,0.0006,0.6734,0.1042
10000,Sorted Descending,,,,,,,29,1.0736,0.2653,1.1200,0.0004,0.6919,0.0691,,,,,29,2.6744,0.9365,2.4984,0.0012,1.2919,0.1158,,,,,29,1.5837,0.3810,1.9726,0.0023,1.0112,0.1126
10000,Sorted Descending,,,,,,,30,1.8850,0.5808,1.9700,0.0010,1.1516,0.0854,,,,,30,2.4319,0.3994,1.8531,0.0013,1.0363,0.4428,,,,,30,1.2019,0.3811,1.8264,0.0015,0.6312,0.0756
,,,Sorted Descending Averages,,,,,,,
,,,Average,1.6628,0.4303,1.6051,0.0010,0.9830,0.1103
,,,Treap Averages,,,,,,,
,,,Average,2.1875,0.5864,2.0006,0.0015,1.1956,0.1466
,,,TreeMap Averages,,,,,,,
,,,Average,1.1563,0.2480,1.0939,0.0007,0.8361,0.1067
10000,Partially Sorted,,,,,,,1,2.3554,0.2273,2.1629,0.0006,1.5568,0.0442,,,,,1,2.7106,0.5678,2.9110,0.0009,3.5722,0.0640,,,,,1,0.7620,0.1251,1.3314,0.0005,2.1805,0.1600
10000,Partially Sorted,,,,,,,2,1.0814,0.1953,1.0402,0.0003,1.3016,0.0394,,,,,2,3.7905,0.5448,3.7310,0.0015,6.3603,0.1617,,,,,2,1.4431,0.2115,2.0528,0.0010,2.2000,0.2645
10000,Partially Sorted,,,,,,,3,2.7489,0.6758,2.4258,0.0007,2.8512,0.0815,,,,,3,2.9619,0.5878,2.8662,0.0003,4.9219,0.1878,,,,,3,1.6051,0.2087,1.2956,0.0003,1.7967,0.1066
10000,Partially Sorted,,,,,,,4,1.9193,0.3381,1.7582,0.0006,3.1520,0.1429,,,,,4,3.7972,0.6879,4.2770,0.0022,5.5779,0.1400,,,,,4,2.0117,0.2869,2.3800,0.0007,2.5034,0.1453
10000,Partially Sorted,,,,,,,5,2.9577,0.5739,2.8690,0.0006,3.3615,0.2685,,,,,5,3.2080,0.6166,3.0881,0.0009,4.5870,0.1121,,,,,5,1.6869,0.2322,1.9138,0.0005,2.2711,0.3259
10000,Partially Sorted,,,,,,,6,4.2095,0.6456,1.9979,0.0010,1.7199,0.0752,,,,,6,1.6855,0.3909,1.4657,0.0004,2.0882,0.0604,,,,,6,1.0521,0.1894,1.0867,0.0012,1.0496,0.1210
10000,Partially Sorted,,,,,,,7,1.1587,0.1973,1.1815,0.0003,1.3116,0.0461,,,,,7,2.0760,0.5289,2.6441,0.0046,2.9200,0.0728,,,,,7,0.7648,0.1330,0.7358,0.0002,0.9123,0.0509
10000,Partially Sorted,,,,,,,8,1.1452,0.1945,1.1675,0.0006,1.5189,0.0592,,,,,8,1.3566,0.2592,1.2750,0.0003,3.0858,0.0972,,,,,8,0.9837,0.1602,0.9125,0.0010,1.1992,0.0745
10000,Partially Sorted,,,,,,,9,2.4250,0.3845,2.0859,0.0015,1.5939,0.0495,,,,,9,1.3196,0.2659,1.2941,0.0004,2.5713,0.0711,,,,,9,0.7874,0.1227,0.7543,0.0001,0.9125,0.0743
10000,Partially Sorted,,,,,,,10,1.2029,0.2327,1.1537,0.0006,3.1337,0.2192,,,,,10,6.9120,0.9905,3.6594,0.0009,3.6331,0.0941,,,,,10,1.2268,0.1421,0.8250,0.0002,2.1386,0.1237
10000,Partially Sorted,,,,,,,11,2.7345,0.3411,1.6609,0.0005,1.8857,0.0687,,,,,11,4.3345,0.4689,1.7370,0.0004,2.8915,0.0703,,,,,11,0.7675,0.1203,0.7350,0.0003,0.9713,0.0696
10000,Partially Sorted,,,,,,,12,1.0797,0.1944,1.3231,0.0004,1.8477,0.0640,,,,,12,1.4141,0.2464,1.3719,0.0006,2.1420,0.0732,,,,,12,0.7500,0.1440,0.8242,0.0003,1.4273,0.7572
10000,Partially Sorted,,,,,,,13,1.6413,0.3137,1.4984,0.0010,1.7494,0.0549,,,,,13,2.8392,0.3904,1.7613,0.0009,3.1605,0.1024,,,,,13,1.3317,0.1923,1.1413,0.0004,1.6460,0.1268
10000,Partially Sorted,,,,,,,14,3.1559,0.4483,2.2088,0.0014,2.5942,0.0752,,,,,14,1.8050,0.2563,1.3657,0.0004,3.8278,0.1220,,,,,14,1.5301,0.2317,1.3374,0.0005,1.8124,0.0958
10000,Partially Sorted,,,,,,,15,1.9972,0.3146,2.6644,0.0015,3.0822,0.0702,,,,,15,1.7955,0.3872,1.8679,0.0004,3.8653,0.1287,,,,,15,1.3508,0.2157,1.2958,0.0002,1.5312,0.0681
10000,Partially Sorted,,,,,,,16,1.5780,0.3633,1.5276,0.0004,1.7410,0.0697,,,,,16,3.0754,0.4278,2.0669,0.0004,2.6384,0.0672,,,,,16,1.0650,0.2069,1.2107,0.0003,1.6469,0.0843
10000,Partially Sorted,,,,,,,17,2.7055,0.3923,2.0505,0.0006,2.1467,0.1077,,,,,17,1.9876,0.8467,6.2602,0.0024,7.4108,0.0887,,,,,17,1.1135,0.2328,1.0487,0.0009,1.3031,0.0823
10000,Partially Sorted,,,,,,,18,3.6955,0.3807,1.5272,0.0008,2.4158,0.1226,,,,,18,2.7982,0.3089,1.8482,0.0006,4.0504,0.1190,,,,,18,1.1442,0.1754,1.0556,0.0009,1.2315,0.1023
10000,Partially Sorted,,,,,,,19,1.1185,0.1945,1.0632,0.0005,1.8486,0.0898,,,,,19,1.8452,0.3808,1.6478,0.0004,5.9738,0.0843,,,,,19,0.8211,0.1219,0.9816,0.0005,1.3218,0.0993
10000,Partially Sorted,,,,,,,20,1.2900,0.1995,1.2179,0.0007,1.3972,0.0582,,,,,20,1.6052,0.3928,1.7093,0.0007,3.3498,0.1034,,,,,20,0.9513,0.1549,0.8872,0.0004,1.2905,0.0763
10000,Partially Sorted,,,,,,,21,2.4083,0.3624,1.7698,0.0006,2.0135,0.0834,,,,,21,1.8724,0.3455,1.6936,0.0019,2.9151,0.1143,,,,,21,0.9622,0.1550,0.9477,0.0004,1.1470,0.0764
10000,Partially Sorted,,,,,,,22,1.3995,0.2770,1.1276,0.0007,2.0639,0.0626,,,,,22,2.8071,0.3703,1.9206,0.0011,2.5698,0.0719,,,,,22,1.0583,0.1614,0.9464,0.0015,1.2980,0.1169
10000,Partially Sorted,,,,,,,23,1.4349,0.2153,1.3460,0.0007,1.4154,0.0810,,,,,23,2.1040,0.4196,2.4388,0.0007,7.4947,0.0822,,,,,23,1.1142,0.2190,0.9425,0.0002,0.9619,0.0668
10000,Partially Sorted,,,,,,,24,1.0904,0.1931,1.0816,0.0005,1.5998,0.0519,,,,,24,1.3821,0.3248,1.7656,0.0009,2.1734,0.0713,,,,,24,0.9983,0.1218,0.8059,0.0005,1.0405,0.1116
10000,Partially Sorted,,,,,,,25,1.3379,0.3375,2.8770,0.0011,2.0990,0.0834,,,,,25,1.4610,0.2777,1.4960,0.0010,2.1968,0.0540,,,,,25,0.7559,0.1354,0.8566,0.0005,1.0491,0.0696
10000,Partially Sorted,,,,,,,26,1.1072,0.1951,1.0393,0.0004,1.3404,0.0566,,,,,26,1.8782,0.4757,1.5817,0.0004,2.1724,0.0616,,,,,26,0.8935,0.1481,0.9848,0.0024,1.0455,0.1388
10000,Partially Sorted,,,,,,,27,1.1696,0.2028,1.0595,0.0003,1.3543,0.0470,,,,,27,1.3961,0.2552,1.4655,0.0007,2.5877,0.0852,,,,,27,0.7912,0.1265,0.7354,0.0002,0.9640,0.0582
10000,Partially Sorted,,,,,,,28,1.1034,0.2195,1.1541,0.0006,1.3761,0.0674,,,,,28,1.8565,0.3576,1.6135,0.0012,4.9334,0.1563,,,,,28,0.9894,0.1418,0.8596,0.0004,1.1415,0.0951
10000,Partially Sorted,,,,,,,29,1.1364,0.2053,1.1638,0.0005,1.5814,0.0512,,,,,29,1.3606,0.2683,1.3873,0.0011,2.0664,0.0903,,,,,29,0.7717,0.1227,0.7100,0.0002,0.8807,0.0461
10000,Partially Sorted,,,,,,,30,1.1665,0.2150,1.1161,0.0007,1.6660,0.5355,,,,,30,2.1383,0.3903,2.5635,0.0006,3.4137,0.1134,,,,,30,1.0073,0.1200,0.7531,0.0005,1.1561,0.0904
,,,Partially Sorted Averages,,,,,,,
,,,Average,1.8518,0.3077,1.6106,0.0007,1.9573,0.0976
,,,Treap Averages,,,,,,,
,,,Average,2.3858,0.4344,2.2258,0.0010,3.7050,0.0974
,,,TreeMap Averages,,,,,,,
,,,Average,1.0830,0.1686,1.0782,0.0006,1.4010,0.1293
