Algorithm,Size,Pattern,Trial,Time (ms),Memory (KB)
TreapSort,100,Random,1,44.0085,1475
TreapSort,100,Random,2,2.0598,51
TreapSort,100,Random,3,1.2853,62
TreapSort,100,Random,4,1.3392,72
TreapSort,100,Random,5,1.0595,81
TreapSort,100,Random,6,1.1573,53
TreapSort,100,Random,7,1.5169,34
TreapSort,100,Random,8,2.6162,58
TreapSort,100,Random,9,1.4272,49
TreapSort,100,Random,10,1.0662,52
TreapSort,100,Random,11,0.5993,43
TreapSort,100,Random,12,2.7737,50
TreapSort,100,Random,13,0.9706,89
TreapSort,100,Random,14,1.1327,55
TreapSort,100,Random,15,0.5342,53
TreapSort,100,Random,16,0.4761,56
TreapSort,100,Random,17,0.6306,37
TreapSort,100,Random,18,0.5193,38
TreapSort,100,Random,19,0.8690,40
TreapSort,100,Random,20,5.7629,150
TreapSort,100,Random,21,0.4537,66
TreapSort,100,Random,22,0.9711,42
TreapSort,100,Random,23,1.0934,37
TreapSort,100,Random,24,0.7352,44
TreapSort,100,Random,25,0.4161,40
TreapSort,100,Random,26,1.1945,43
TreapSort,100,Random,27,1.5070,41
TreapSort,100,Random,28,2.9927,45
TreapSort,100,Random,29,0.5496,42
TreapSort,100,Random,30,0.4306,39
TreapSort,100,Nearly Sorted,1,0.3500,37
TreapSort,100,Nearly Sorted,2,0.4083,34
TreapSort,100,Nearly Sorted,3,0.3955,45
TreapSort,100,Nearly Sorted,4,0.4986,32
TreapSort,100,Nearly Sorted,5,0.4277,27
TreapSort,100,Nearly Sorted,6,0.9077,27
TreapSort,100,Nearly Sorted,7,0.3716,24
TreapSort,100,Nearly Sorted,8,0.8145,37
TreapSort,100,Nearly Sorted,9,0.5867,37
TreapSort,100,Nearly Sorted,10,0.5591,38
TreapSort,100,Nearly Sorted,11,0.5026,34
TreapSort,100,Nearly Sorted,12,0.5133,34
TreapSort,100,Nearly Sorted,13,0.4939,35
TreapSort,100,Nearly Sorted,14,1.0931,36
TreapSort,100,Nearly Sorted,15,0.3599,25
TreapSort,100,Nearly Sorted,16,0.3776,26
TreapSort,100,Nearly Sorted,17,0.3980,24
TreapSort,100,Nearly Sorted,18,0.3476,27
TreapSort,100,Nearly Sorted,19,0.3738,25
TreapSort,100,Nearly Sorted,20,0.4717,27
TreapSort,100,Nearly Sorted,21,0.4169,25
TreapSort,100,Nearly Sorted,22,0.4138,24
TreapSort,100,Nearly Sorted,23,0.6886,27
TreapSort,100,Nearly Sorted,24,0.4826,27
TreapSort,100,Nearly Sorted,25,0.3491,27
TreapSort,100,Nearly Sorted,26,0.3634,27
TreapSort,100,Nearly Sorted,27,0.8288,24
TreapSort,100,Nearly Sorted,28,0.3444,27
TreapSort,100,Nearly Sorted,29,0.3845,24
TreapSort,100,Nearly Sorted,30,0.7341,24
TreapSort,100,Reverse Sorted,1,0.3570,24
TreapSort,100,Reverse Sorted,2,0.3335,27
TreapSort,100,Reverse Sorted,3,0.3592,27
TreapSort,100,Reverse Sorted,4,0.3362,24
TreapSort,100,Reverse Sorted,5,0.6921,27
TreapSort,100,Reverse Sorted,6,0.3241,24
TreapSort,100,Reverse Sorted,7,0.5637,30
TreapSort,100,Reverse Sorted,8,0.3402,24
TreapSort,100,Reverse Sorted,9,0.3553,27
TreapSort,100,Reverse Sorted,10,0.3810,27
TreapSort,100,Reverse Sorted,11,0.3409,24
TreapSort,100,Reverse Sorted,12,0.3209,24
TreapSort,100,Reverse Sorted,13,0.3683,27
TreapSort,100,Reverse Sorted,14,0.3131,26
TreapSort,100,Reverse Sorted,15,0.3220,26
TreapSort,100,Reverse Sorted,16,0.3341,25
TreapSort,100,Reverse Sorted,17,0.3946,30
TreapSort,100,Reverse Sorted,18,0.7484,36
TreapSort,100,Reverse Sorted,19,0.3632,30
TreapSort,100,Reverse Sorted,20,0.2977,25
TreapSort,100,Reverse Sorted,21,0.3457,34
TreapSort,100,Reverse Sorted,22,0.3213,24
TreapSort,100,Reverse Sorted,23,0.4460,27
TreapSort,100,Reverse Sorted,24,0.3081,27
TreapSort,100,Reverse Sorted,25,0.9643,27
TreapSort,100,Reverse Sorted,26,0.3048,29
TreapSort,100,Reverse Sorted,27,0.2917,27
TreapSort,100,Reverse Sorted,28,0.7627,24
TreapSort,100,Reverse Sorted,29,0.2479,24
TreapSort,100,Reverse Sorted,30,0.2489,24
TreapSort,1000,Random,1,4.4291,275
TreapSort,1000,Random,2,1.5878,281
TreapSort,1000,Random,3,1.6848,270
TreapSort,1000,Random,4,2.0025,289
TreapSort,1000,Random,5,1.7298,259
TreapSort,1000,Random,6,1.5109,269
TreapSort,1000,Random,7,1.0440,264
TreapSort,1000,Random,8,1.4943,260
TreapSort,1000,Random,9,1.5043,272
TreapSort,1000,Random,10,1.5075,272
TreapSort,1000,Random,11,1.0736,262
TreapSort,1000,Random,12,1.4688,263
TreapSort,1000,Random,13,1.4563,261
TreapSort,1000,Random,14,0.9987,256
TreapSort,1000,Random,15,0.6056,248
TreapSort,1000,Random,16,0.7718,247
TreapSort,1000,Random,17,0.7990,254
TreapSort,1000,Random,18,0.5486,250
TreapSort,1000,Random,19,0.7152,249
TreapSort,1000,Random,20,0.7095,244
TreapSort,1000,Random,21,0.5367,255
TreapSort,1000,Random,22,0.8170,258
TreapSort,1000,Random,23,1.0533,255
TreapSort,1000,Random,24,1.0037,255
TreapSort,1000,Random,25,0.8321,257
TreapSort,1000,Random,26,0.8063,256
TreapSort,1000,Random,27,1.1321,250
TreapSort,1000,Random,28,0.8349,253
TreapSort,1000,Random,29,0.5379,258
TreapSort,1000,Random,30,0.8017,255
TreapSort,1000,Nearly Sorted,1,0.7619,252
TreapSort,1000,Nearly Sorted,2,0.7276,247
TreapSort,1000,Nearly Sorted,3,0.6976,256
TreapSort,1000,Nearly Sorted,4,0.7128,262
TreapSort,1000,Nearly Sorted,5,0.7035,268
TreapSort,1000,Nearly Sorted,6,0.7228,250
TreapSort,1000,Nearly Sorted,7,0.9824,248
TreapSort,1000,Nearly Sorted,8,0.7412,258
TreapSort,1000,Nearly Sorted,9,0.7001,247
TreapSort,1000,Nearly Sorted,10,0.7705,244
TreapSort,1000,Nearly Sorted,11,1.1188,254
TreapSort,1000,Nearly Sorted,12,0.5456,252
TreapSort,1000,Nearly Sorted,13,0.7504,247
TreapSort,1000,Nearly Sorted,14,1.2642,260
TreapSort,1000,Nearly Sorted,15,0.5277,247
TreapSort,1000,Nearly Sorted,16,0.5013,254
TreapSort,1000,Nearly Sorted,17,0.8598,245
TreapSort,1000,Nearly Sorted,18,0.5068,250
TreapSort,1000,Nearly Sorted,19,0.7116,259
TreapSort,1000,Nearly Sorted,20,1.3021,266
TreapSort,1000,Nearly Sorted,21,1.3014,257
TreapSort,1000,Nearly Sorted,22,1.3135,261
TreapSort,1000,Nearly Sorted,23,0.4825,260
TreapSort,1000,Nearly Sorted,24,0.7022,257
TreapSort,1000,Nearly Sorted,25,0.6961,248
TreapSort,1000,Nearly Sorted,26,0.9745,257
TreapSort,1000,Nearly Sorted,27,1.3943,242
TreapSort,1000,Nearly Sorted,28,1.0130,264
TreapSort,1000,Nearly Sorted,29,0.4925,256
TreapSort,1000,Nearly Sorted,30,1.2897,259
TreapSort,1000,Reverse Sorted,1,0.3148,253
TreapSort,1000,Reverse Sorted,2,0.4624,250
TreapSort,1000,Reverse Sorted,3,0.4591,245
TreapSort,1000,Reverse Sorted,4,0.4510,245
TreapSort,1000,Reverse Sorted,5,0.3533,248
TreapSort,1000,Reverse Sorted,6,0.7201,268
TreapSort,1000,Reverse Sorted,7,1.0611,279
TreapSort,1000,Reverse Sorted,8,0.4456,251
TreapSort,1000,Reverse Sorted,9,0.4511,251
TreapSort,1000,Reverse Sorted,10,0.4536,251
TreapSort,1000,Reverse Sorted,11,0.2876,245
TreapSort,1000,Reverse Sorted,12,0.3609,249
TreapSort,1000,Reverse Sorted,13,0.2906,247
TreapSort,1000,Reverse Sorted,14,0.8937,267
TreapSort,1000,Reverse Sorted,15,0.4328,247
TreapSort,1000,Reverse Sorted,16,0.4142,250
TreapSort,1000,Reverse Sorted,17,0.4067,250
TreapSort,1000,Reverse Sorted,18,0.2725,247
TreapSort,1000,Reverse Sorted,19,0.4956,247
TreapSort,1000,Reverse Sorted,20,0.2958,244
TreapSort,1000,Reverse Sorted,21,0.7408,252
TreapSort,1000,Reverse Sorted,22,0.3286,249
TreapSort,1000,Reverse Sorted,23,0.2916,247
TreapSort,1000,Reverse Sorted,24,0.2845,244
TreapSort,1000,Reverse Sorted,25,0.3543,249
TreapSort,1000,Reverse Sorted,26,0.3135,247
TreapSort,1000,Reverse Sorted,27,0.3238,244
TreapSort,1000,Reverse Sorted,28,0.2970,247
TreapSort,1000,Reverse Sorted,29,0.2950,244
TreapSort,1000,Reverse Sorted,30,0.3175,244
TreapSort,5000,Random,1,2.1649,1239
TreapSort,5000,Random,2,2.0994,1154
TreapSort,5000,Random,3,2.0154,1151
TreapSort,5000,Random,4,1.9299,1124
TreapSort,5000,Random,5,2.3002,1128
TreapSort,5000,Random,6,2.0058,1126
TreapSort,5000,Random,7,3.1581,1112
TreapSort,5000,Random,8,2.5882,1113
TreapSort,5000,Random,9,3.1475,1164
TreapSort,5000,Random,10,3.4142,1136
TreapSort,5000,Random,11,2.3362,1248
TreapSort,5000,Random,12,2.1317,1167
TreapSort,5000,Random,13,2.7836,1419
TreapSort,5000,Random,14,2.6430,1208
TreapSort,5000,Random,15,2.0372,1117
TreapSort,5000,Random,16,1.9964,1139
TreapSort,5000,Random,17,2.7013,1122
TreapSort,5000,Random,18,2.1068,1127
TreapSort,5000,Random,19,1.9460,1114
TreapSort,5000,Random,20,2.3882,1135
TreapSort,5000,Random,21,2.2048,1103
TreapSort,5000,Random,22,3.0296,1342
TreapSort,5000,Random,23,1.9111,1097
TreapSort,5000,Random,24,2.8655,1104
TreapSort,5000,Random,25,2.2367,1135
TreapSort,5000,Random,26,3.0478,1188
TreapSort,5000,Random,27,2.2282,1157
TreapSort,5000,Random,28,1.9248,1135
TreapSort,5000,Random,29,2.6253,1177
TreapSort,5000,Random,30,2.6828,1251
TreapSort,5000,Nearly Sorted,1,2.2155,1263
TreapSort,5000,Nearly Sorted,2,1.5057,1206
TreapSort,5000,Nearly Sorted,3,1.7657,1116
TreapSort,5000,Nearly Sorted,4,1.6948,1225
TreapSort,5000,Nearly Sorted,5,1.9556,1257
TreapSort,5000,Nearly Sorted,6,1.5304,1158
TreapSort,5000,Nearly Sorted,7,2.8764,1281
TreapSort,5000,Nearly Sorted,8,1.8804,1250
TreapSort,5000,Nearly Sorted,9,1.6373,1198
TreapSort,5000,Nearly Sorted,10,2.5869,1447
TreapSort,5000,Nearly Sorted,11,1.5006,1254
TreapSort,5000,Nearly Sorted,12,3.4576,1320
TreapSort,5000,Nearly Sorted,13,2.4292,1247
TreapSort,5000,Nearly Sorted,14,1.6320,1168
TreapSort,5000,Nearly Sorted,15,2.8759,1241
TreapSort,5000,Nearly Sorted,16,1.5158,1120
TreapSort,5000,Nearly Sorted,17,1.5435,1128
TreapSort,5000,Nearly Sorted,18,1.6914,1134
TreapSort,5000,Nearly Sorted,19,1.5473,1136
TreapSort,5000,Nearly Sorted,20,1.6433,1121
TreapSort,5000,Nearly Sorted,21,2.8727,1184
TreapSort,5000,Nearly Sorted,22,1.7393,1146
TreapSort,5000,Nearly Sorted,23,1.6382,1144
TreapSort,5000,Nearly Sorted,24,2.2722,1180
TreapSort,5000,Nearly Sorted,25,2.7870,1169
TreapSort,5000,Nearly Sorted,26,1.6747,1117
TreapSort,5000,Nearly Sorted,27,2.8817,1124
TreapSort,5000,Nearly Sorted,28,1.7292,1112
TreapSort,5000,Nearly Sorted,29,1.6185,1115
TreapSort,5000,Nearly Sorted,30,1.5278,1132
TreapSort,5000,Reverse Sorted,1,1.5383,1123
TreapSort,5000,Reverse Sorted,2,1.4746,1126
TreapSort,5000,Reverse Sorted,3,0.9833,1117
TreapSort,5000,Reverse Sorted,4,1.0099,1110
TreapSort,5000,Reverse Sorted,5,1.0076,1120
TreapSort,5000,Reverse Sorted,6,0.9793,1117
TreapSort,5000,Reverse Sorted,7,0.9921,1121
TreapSort,5000,Reverse Sorted,8,1.8180,1161
TreapSort,5000,Reverse Sorted,9,1.2652,1115
TreapSort,5000,Reverse Sorted,10,1.8227,1120
TreapSort,5000,Reverse Sorted,11,1.3973,1120
TreapSort,5000,Reverse Sorted,12,0.9119,1112
TreapSort,5000,Reverse Sorted,13,2.1907,1178
TreapSort,5000,Reverse Sorted,14,2.0530,1115
TreapSort,5000,Reverse Sorted,15,1.5531,1113
TreapSort,5000,Reverse Sorted,16,0.9728,1112
TreapSort,5000,Reverse Sorted,17,1.9956,1113
TreapSort,5000,Reverse Sorted,18,0.9483,1116
TreapSort,5000,Reverse Sorted,19,0.9366,1109
TreapSort,5000,Reverse Sorted,20,0.9358,1113
TreapSort,5000,Reverse Sorted,21,1.6880,1117
TreapSort,5000,Reverse Sorted,22,1.1369,1133
TreapSort,5000,Reverse Sorted,23,1.4480,1191
TreapSort,5000,Reverse Sorted,24,1.0048,1112
TreapSort,5000,Reverse Sorted,25,1.4907,1110
TreapSort,5000,Reverse Sorted,26,1.6712,1152
TreapSort,5000,Reverse Sorted,27,0.9605,1113
TreapSort,5000,Reverse Sorted,28,1.7426,1122
TreapSort,5000,Reverse Sorted,29,0.9224,1110
TreapSort,5000,Reverse Sorted,30,2.6499,1201
TreapSort,10000,Random,1,4.4039,2514
TreapSort,10000,Random,2,5.9549,2688
TreapSort,10000,Random,3,4.2160,2199
TreapSort,10000,Random,4,6.8914,2802
TreapSort,10000,Random,5,4.3821,2804
TreapSort,10000,Random,6,9.8412,2863
TreapSort,10000,Random,7,7.2793,2845
TreapSort,10000,Random,8,4.5685,2861
TreapSort,10000,Random,9,5.3556,2911
TreapSort,10000,Random,10,4.8823,2824
TreapSort,10000,Random,11,4.5639,2767
TreapSort,10000,Random,12,4.4627,2883
TreapSort,10000,Random,13,5.2988,2942
TreapSort,10000,Random,14,6.8130,2815
TreapSort,10000,Random,15,6.4673,2840
TreapSort,10000,Random,16,4.3868,2875
TreapSort,10000,Random,17,5.3206,2827
TreapSort,10000,Random,18,6.2325,2841
TreapSort,10000,Random,19,6.6701,3036
TreapSort,10000,Random,20,4.5326,2989
TreapSort,10000,Random,21,6.5259,2797
TreapSort,10000,Random,22,5.9060,2857
TreapSort,10000,Random,23,6.9278,3020
TreapSort,10000,Random,24,4.6256,2795
TreapSort,10000,Random,25,5.0880,2884
TreapSort,10000,Random,26,4.5393,2929
TreapSort,10000,Random,27,4.7396,2766
TreapSort,10000,Random,28,7.2869,2779
TreapSort,10000,Random,29,4.8737,2784
TreapSort,10000,Random,30,6.2412,2772
TreapSort,10000,Nearly Sorted,1,5.8435,2855
TreapSort,10000,Nearly Sorted,2,3.4129,2862
TreapSort,10000,Nearly Sorted,3,4.9656,2854
TreapSort,10000,Nearly Sorted,4,5.6834,2855
TreapSort,10000,Nearly Sorted,5,3.4589,2864
TreapSort,10000,Nearly Sorted,6,5.5605,2866
TreapSort,10000,Nearly Sorted,7,3.3826,2864
TreapSort,10000,Nearly Sorted,8,4.7694,2869
TreapSort,10000,Nearly Sorted,9,3.3590,2870
TreapSort,10000,Nearly Sorted,10,5.1937,2861
TreapSort,10000,Nearly Sorted,11,3.3799,2853
TreapSort,10000,Nearly Sorted,12,3.4272,2865
TreapSort,10000,Nearly Sorted,13,3.4150,2854
TreapSort,10000,Nearly Sorted,14,4.7231,2865
TreapSort,10000,Nearly Sorted,15,3.3962,2854
TreapSort,10000,Nearly Sorted,16,3.2866,2921
TreapSort,10000,Nearly Sorted,17,4.1270,2873
TreapSort,10000,Nearly Sorted,18,3.4291,2943
TreapSort,10000,Nearly Sorted,19,3.4524,3057
TreapSort,10000,Nearly Sorted,20,4.9446,2879
TreapSort,10000,Nearly Sorted,21,3.2718,2854
TreapSort,10000,Nearly Sorted,22,3.3648,2865
TreapSort,10000,Nearly Sorted,23,3.3864,2854
TreapSort,10000,Nearly Sorted,24,5.2184,2865
TreapSort,10000,Nearly Sorted,25,3.2146,2854
TreapSort,10000,Nearly Sorted,26,3.1665,2865
TreapSort,10000,Nearly Sorted,27,3.1833,2854
TreapSort,10000,Nearly Sorted,28,3.3166,2865
TreapSort,10000,Nearly Sorted,29,5.1538,2854
TreapSort,10000,Nearly Sorted,30,3.2614,2865
TreapSort,10000,Reverse Sorted,1,2.1778,2854
TreapSort,10000,Reverse Sorted,2,2.1258,2865
TreapSort,10000,Reverse Sorted,3,2.1237,2854
TreapSort,10000,Reverse Sorted,4,2.1667,2865
TreapSort,10000,Reverse Sorted,5,2.1957,2854
TreapSort,10000,Reverse Sorted,6,2.1429,2865
TreapSort,10000,Reverse Sorted,7,2.2341,2854
TreapSort,10000,Reverse Sorted,8,2.1951,2865
TreapSort,10000,Reverse Sorted,9,3.8613,2854
TreapSort,10000,Reverse Sorted,10,2.3206,2865
TreapSort,10000,Reverse Sorted,11,2.0386,2854
TreapSort,10000,Reverse Sorted,12,2.0554,2865
TreapSort,10000,Reverse Sorted,13,2.0814,2854
TreapSort,10000,Reverse Sorted,14,2.0000,2865
TreapSort,10000,Reverse Sorted,15,2.0328,2854
TreapSort,10000,Reverse Sorted,16,2.0793,2865
TreapSort,10000,Reverse Sorted,17,2.0639,2854
TreapSort,10000,Reverse Sorted,18,2.1517,2865
TreapSort,10000,Reverse Sorted,19,2.1699,2854
TreapSort,10000,Reverse Sorted,20,2.0462,2865
TreapSort,10000,Reverse Sorted,21,2.0615,2854
TreapSort,10000,Reverse Sorted,22,2.0376,2865
TreapSort,10000,Reverse Sorted,23,1.9555,2854
TreapSort,10000,Reverse Sorted,24,2.0152,2865
TreapSort,10000,Reverse Sorted,25,2.0114,2854
TreapSort,10000,Reverse Sorted,26,2.0308,2865
TreapSort,10000,Reverse Sorted,27,3.4047,2854
TreapSort,10000,Reverse Sorted,28,2.0404,2865
TreapSort,10000,Reverse Sorted,29,2.0297,2854
TreapSort,10000,Reverse Sorted,30,1.9791,2865
PQSort,100,Random,1,0.4803,57
PQSort,100,Random,2,0.1070,38
PQSort,100,Random,3,0.1203,25
PQSort,100,Random,4,0.1573,16
PQSort,100,Random,5,0.1211,11
PQSort,100,Random,6,0.1044,7
PQSort,100,Random,7,0.3151,5
PQSort,100,Random,8,0.0670,6
PQSort,100,Random,9,0.0628,5
PQSort,100,Random,10,0.0665,5
PQSort,100,Random,11,0.0651,5
PQSort,100,Random,12,0.0924,5
PQSort,100,Random,13,0.0697,5
PQSort,100,Random,14,0.0599,5
PQSort,100,Random,15,0.1750,5
PQSort,100,Random,16,0.0617,5
PQSort,100,Random,17,0.0545,5
PQSort,100,Random,18,0.0565,5
PQSort,100,Random,19,0.0535,5
PQSort,100,Random,20,0.0554,5
PQSort,100,Random,21,0.0601,5
PQSort,100,Random,22,0.0634,5
PQSort,100,Random,23,0.0561,5
PQSort,100,Random,24,0.2357,5
PQSort,100,Random,25,0.2245,5
PQSort,100,Random,26,0.0844,5
PQSort,100,Random,27,0.0713,5
PQSort,100,Random,28,0.0748,5
PQSort,100,Random,29,0.0631,5
PQSort,100,Random,30,0.0534,5
PQSort,100,Nearly Sorted,1,0.0582,3
PQSort,100,Nearly Sorted,2,0.0534,3
PQSort,100,Nearly Sorted,3,0.0624,3
PQSort,100,Nearly Sorted,4,0.0542,3
PQSort,100,Nearly Sorted,5,0.1075,3
PQSort,100,Nearly Sorted,6,0.0944,3
PQSort,100,Nearly Sorted,7,0.0523,3
PQSort,100,Nearly Sorted,8,0.2175,3
PQSort,100,Nearly Sorted,9,0.0640,3
PQSort,100,Nearly Sorted,10,0.1947,3
PQSort,100,Nearly Sorted,11,0.1602,3
PQSort,100,Nearly Sorted,12,0.1805,5
PQSort,100,Nearly Sorted,13,0.1719,6
PQSort,100,Nearly Sorted,14,0.0522,3
PQSort,100,Nearly Sorted,15,0.0635,3
PQSort,100,Nearly Sorted,16,0.0599,3
PQSort,100,Nearly Sorted,17,0.0534,3
PQSort,100,Nearly Sorted,18,0.0644,5
PQSort,100,Nearly Sorted,19,0.0469,3
PQSort,100,Nearly Sorted,20,0.0622,3
PQSort,100,Nearly Sorted,21,0.0467,3
PQSort,100,Nearly Sorted,22,0.0748,6
PQSort,100,Nearly Sorted,23,0.1987,8
PQSort,100,Nearly Sorted,24,0.1702,6
PQSort,100,Nearly Sorted,25,0.0681,3
PQSort,100,Nearly Sorted,26,0.0504,3
PQSort,100,Nearly Sorted,27,0.0615,3
PQSort,100,Nearly Sorted,28,0.1693,3
PQSort,100,Nearly Sorted,29,0.0608,3
PQSort,100,Nearly Sorted,30,0.0640,3
PQSort,100,Reverse Sorted,1,0.1887,3
PQSort,100,Reverse Sorted,2,0.0654,3
PQSort,100,Reverse Sorted,3,0.0447,3
PQSort,100,Reverse Sorted,4,0.0556,3
PQSort,100,Reverse Sorted,5,0.0457,3
PQSort,100,Reverse Sorted,6,0.0538,3
PQSort,100,Reverse Sorted,7,0.0540,3
PQSort,100,Reverse Sorted,8,0.0446,3
PQSort,100,Reverse Sorted,9,0.0564,3
PQSort,100,Reverse Sorted,10,0.0495,3
PQSort,100,Reverse Sorted,11,0.0414,3
PQSort,100,Reverse Sorted,12,0.0438,3
PQSort,100,Reverse Sorted,13,0.0401,3
PQSort,100,Reverse Sorted,14,0.0442,3
PQSort,100,Reverse Sorted,15,0.0403,3
PQSort,100,Reverse Sorted,16,0.1310,3
PQSort,100,Reverse Sorted,17,0.1324,3
PQSort,100,Reverse Sorted,18,0.0493,3
PQSort,100,Reverse Sorted,19,0.0433,3
PQSort,100,Reverse Sorted,20,0.0879,3
PQSort,100,Reverse Sorted,21,0.0435,3
PQSort,100,Reverse Sorted,22,0.0521,3
PQSort,100,Reverse Sorted,23,0.0411,3
PQSort,100,Reverse Sorted,24,0.0394,3
PQSort,100,Reverse Sorted,25,0.0408,3
PQSort,100,Reverse Sorted,26,0.0366,3
PQSort,100,Reverse Sorted,27,0.0388,3
PQSort,100,Reverse Sorted,28,0.0440,3
PQSort,100,Reverse Sorted,29,0.0624,3
PQSort,100,Reverse Sorted,30,0.0572,3
PQSort,1000,Random,1,0.2947,43
PQSort,1000,Random,2,0.2305,43
PQSort,1000,Random,3,0.2226,43
PQSort,1000,Random,4,0.2346,43
PQSort,1000,Random,5,0.2313,43
PQSort,1000,Random,6,0.2276,43
PQSort,1000,Random,7,0.2279,43
PQSort,1000,Random,8,0.2275,43
PQSort,1000,Random,9,0.2302,43
PQSort,1000,Random,10,0.2446,43
PQSort,1000,Random,11,0.2275,43
PQSort,1000,Random,12,0.1557,43
PQSort,1000,Random,13,0.1308,43
PQSort,1000,Random,14,0.1461,43
PQSort,1000,Random,15,0.1306,43
PQSort,1000,Random,16,0.1307,43
PQSort,1000,Random,17,0.1335,43
PQSort,1000,Random,18,0.1477,43
PQSort,1000,Random,19,0.1355,43
PQSort,1000,Random,20,0.1815,43
PQSort,1000,Random,21,0.1328,43
PQSort,1000,Random,22,0.2796,43
PQSort,1000,Random,23,0.1357,42
PQSort,1000,Random,24,0.5240,42
PQSort,1000,Random,25,0.1309,42
PQSort,1000,Random,26,0.1290,42
PQSort,1000,Random,27,0.1382,42
PQSort,1000,Random,28,0.1402,42
PQSort,1000,Random,29,0.1419,42
PQSort,1000,Random,30,0.1389,42
PQSort,1000,Nearly Sorted,1,0.1506,40
PQSort,1000,Nearly Sorted,2,0.1132,40
PQSort,1000,Nearly Sorted,3,0.4978,40
PQSort,1000,Nearly Sorted,4,0.1144,40
PQSort,1000,Nearly Sorted,5,0.4931,40
PQSort,1000,Nearly Sorted,6,0.1163,40
PQSort,1000,Nearly Sorted,7,0.1617,40
PQSort,1000,Nearly Sorted,8,0.1144,40
PQSort,1000,Nearly Sorted,9,0.1645,40
PQSort,1000,Nearly Sorted,10,0.1577,40
PQSort,1000,Nearly Sorted,11,0.1194,40
PQSort,1000,Nearly Sorted,12,0.1680,40
PQSort,1000,Nearly Sorted,13,0.1746,40
PQSort,1000,Nearly Sorted,14,0.1748,40
PQSort,1000,Nearly Sorted,15,0.4766,40
PQSort,1000,Nearly Sorted,16,0.4764,40
PQSort,1000,Nearly Sorted,17,0.1393,40
PQSort,1000,Nearly Sorted,18,0.1399,40
PQSort,1000,Nearly Sorted,19,0.1244,40
PQSort,1000,Nearly Sorted,20,0.4666,40
PQSort,1000,Nearly Sorted,21,0.1293,40
PQSort,1000,Nearly Sorted,22,0.1739,40
PQSort,1000,Nearly Sorted,23,0.1181,40
PQSort,1000,Nearly Sorted,24,0.1579,40
PQSort,1000,Nearly Sorted,25,0.3760,40
PQSort,1000,Nearly Sorted,26,0.1246,40
PQSort,1000,Nearly Sorted,27,0.1159,40
PQSort,1000,Nearly Sorted,28,0.1163,40
PQSort,1000,Nearly Sorted,29,0.1793,40
PQSort,1000,Nearly Sorted,30,0.1181,40
PQSort,1000,Reverse Sorted,1,0.1170,40
PQSort,1000,Reverse Sorted,2,0.4496,43
PQSort,1000,Reverse Sorted,3,0.1735,41
PQSort,1000,Reverse Sorted,4,0.1825,49
PQSort,1000,Reverse Sorted,5,0.1634,43
PQSort,1000,Reverse Sorted,6,0.1760,43
PQSort,1000,Reverse Sorted,7,0.1786,43
PQSort,1000,Reverse Sorted,8,0.3180,51
PQSort,1000,Reverse Sorted,9,0.1889,43
PQSort,1000,Reverse Sorted,10,0.1652,45
PQSort,1000,Reverse Sorted,11,0.1171,41
PQSort,1000,Reverse Sorted,12,0.7388,48
PQSort,1000,Reverse Sorted,13,0.1205,40
PQSort,1000,Reverse Sorted,14,0.4702,40
PQSort,1000,Reverse Sorted,15,0.5288,40
PQSort,1000,Reverse Sorted,16,0.1352,40
PQSort,1000,Reverse Sorted,17,0.4049,40
PQSort,1000,Reverse Sorted,18,0.0971,40
PQSort,1000,Reverse Sorted,19,0.0990,40
PQSort,1000,Reverse Sorted,20,0.0977,40
PQSort,1000,Reverse Sorted,21,0.1031,40
PQSort,1000,Reverse Sorted,22,0.0968,40
PQSort,1000,Reverse Sorted,23,0.3410,40
PQSort,1000,Reverse Sorted,24,0.1199,40
PQSort,1000,Reverse Sorted,25,0.1013,40
PQSort,1000,Reverse Sorted,26,0.0947,40
PQSort,1000,Reverse Sorted,27,0.1069,40
PQSort,1000,Reverse Sorted,28,0.0981,40
PQSort,1000,Reverse Sorted,29,0.2686,40
PQSort,1000,Reverse Sorted,30,0.1070,40
PQSort,5000,Random,1,0.6431,210
PQSort,5000,Random,2,0.6102,210
PQSort,5000,Random,3,1.3587,208
PQSort,5000,Random,4,0.5962,204
PQSort,5000,Random,5,0.5948,202
PQSort,5000,Random,6,0.5857,204
PQSort,5000,Random,7,0.5901,201
PQSort,5000,Random,8,0.6014,203
PQSort,5000,Random,9,0.6076,200
PQSort,5000,Random,10,0.5791,201
PQSort,5000,Random,11,0.5592,202
PQSort,5000,Random,12,1.0436,202
PQSort,5000,Random,13,0.5582,202
PQSort,5000,Random,14,0.5607,203
PQSort,5000,Random,15,0.5501,203
PQSort,5000,Random,16,0.5584,203
PQSort,5000,Random,17,1.6877,203
PQSort,5000,Random,18,0.5602,203
PQSort,5000,Random,19,0.5645,203
PQSort,5000,Random,20,0.5668,203
PQSort,5000,Random,21,0.5646,203
PQSort,5000,Random,22,0.5637,203
PQSort,5000,Random,23,0.5755,203
PQSort,5000,Random,24,1.3334,203
PQSort,5000,Random,25,1.4973,203
PQSort,5000,Random,26,0.5738,203
PQSort,5000,Random,27,0.5934,203
PQSort,5000,Random,28,0.5786,203
PQSort,5000,Random,29,0.5750,203
PQSort,5000,Random,30,1.1551,203
PQSort,5000,Nearly Sorted,1,0.4708,198
PQSort,5000,Nearly Sorted,2,0.4653,197
PQSort,5000,Nearly Sorted,3,0.4602,201
PQSort,5000,Nearly Sorted,4,0.4837,198
PQSort,5000,Nearly Sorted,5,0.9450,198
PQSort,5000,Nearly Sorted,6,0.4653,198
PQSort,5000,Nearly Sorted,7,0.4618,197
PQSort,5000,Nearly Sorted,8,0.4525,201
PQSort,5000,Nearly Sorted,9,0.4649,202
PQSort,5000,Nearly Sorted,10,1.2161,198
PQSort,5000,Nearly Sorted,11,0.4524,198
PQSort,5000,Nearly Sorted,12,0.4477,197
PQSort,5000,Nearly Sorted,13,0.4628,201
PQSort,5000,Nearly Sorted,14,0.4637,202
PQSort,5000,Nearly Sorted,15,0.4611,198
PQSort,5000,Nearly Sorted,16,0.9804,198
PQSort,5000,Nearly Sorted,17,0.4627,197
PQSort,5000,Nearly Sorted,18,0.4614,201
PQSort,5000,Nearly Sorted,19,0.4611,202
PQSort,5000,Nearly Sorted,20,0.4608,198
PQSort,5000,Nearly Sorted,21,0.4715,198
PQSort,5000,Nearly Sorted,22,0.4554,197
PQSort,5000,Nearly Sorted,23,0.4549,201
PQSort,5000,Nearly Sorted,24,0.4948,202
PQSort,5000,Nearly Sorted,25,0.4611,198
PQSort,5000,Nearly Sorted,26,0.4878,198
PQSort,5000,Nearly Sorted,27,0.5000,197
PQSort,5000,Nearly Sorted,28,0.4982,201
PQSort,5000,Nearly Sorted,29,0.4922,202
PQSort,5000,Nearly Sorted,30,0.7939,198
PQSort,5000,Reverse Sorted,1,0.4821,199
PQSort,5000,Reverse Sorted,2,0.4692,198
PQSort,5000,Reverse Sorted,3,0.4855,199
PQSort,5000,Reverse Sorted,4,0.5063,198
PQSort,5000,Reverse Sorted,5,1.0548,198
PQSort,5000,Reverse Sorted,6,0.4838,198
PQSort,5000,Reverse Sorted,7,0.4821,198
PQSort,5000,Reverse Sorted,8,0.8506,198
PQSort,5000,Reverse Sorted,9,0.5913,198
PQSort,5000,Reverse Sorted,10,0.4810,198
PQSort,5000,Reverse Sorted,11,0.4715,198
PQSort,5000,Reverse Sorted,12,0.4719,198
PQSort,5000,Reverse Sorted,13,0.4840,198
PQSort,5000,Reverse Sorted,14,0.4861,198
PQSort,5000,Reverse Sorted,15,0.5511,203
PQSort,5000,Reverse Sorted,16,0.4677,200
PQSort,5000,Reverse Sorted,17,0.4850,198
PQSort,5000,Reverse Sorted,18,1.1768,209
PQSort,5000,Reverse Sorted,19,1.1003,203
PQSort,5000,Reverse Sorted,20,0.4928,202
PQSort,5000,Reverse Sorted,21,1.3324,200
PQSort,5000,Reverse Sorted,22,0.4926,198
PQSort,5000,Reverse Sorted,23,0.4923,198
PQSort,5000,Reverse Sorted,24,0.4806,198
PQSort,5000,Reverse Sorted,25,0.4799,198
PQSort,5000,Reverse Sorted,26,0.4810,198
PQSort,5000,Reverse Sorted,27,0.4872,198
PQSort,5000,Reverse Sorted,28,0.4896,198
PQSort,5000,Reverse Sorted,29,0.4850,198
PQSort,5000,Reverse Sorted,30,0.8280,198
PQSort,10000,Random,1,1.4387,415
PQSort,10000,Random,2,1.3114,409
PQSort,10000,Random,3,1.3162,409
PQSort,10000,Random,4,1.2958,405
PQSort,10000,Random,5,1.7406,403
PQSort,10000,Random,6,1.3080,408
PQSort,10000,Random,7,1.3136,404
PQSort,10000,Random,8,1.3243,406
PQSort,10000,Random,9,2.3642,408
PQSort,10000,Random,10,1.2843,401
PQSort,10000,Random,11,1.5758,401
PQSort,10000,Random,12,1.2612,402
PQSort,10000,Random,13,1.3154,405
PQSort,10000,Random,14,2.3670,403
PQSort,10000,Random,15,1.2765,403
PQSort,10000,Random,16,1.2818,403
PQSort,10000,Random,17,1.2794,403
PQSort,10000,Random,18,1.2773,402
PQSort,10000,Random,19,1.2823,402
PQSort,10000,Random,20,1.2538,402
PQSort,10000,Random,21,1.2580,402
PQSort,10000,Random,22,1.2754,402
PQSort,10000,Random,23,1.2771,402
PQSort,10000,Random,24,1.2803,402
PQSort,10000,Random,25,1.2788,402
PQSort,10000,Random,26,1.2859,402
PQSort,10000,Random,27,1.2702,402
PQSort,10000,Random,28,1.6934,402
PQSort,10000,Random,29,1.2713,402
PQSort,10000,Random,30,1.2771,402
PQSort,10000,Nearly Sorted,1,1.8963,401
PQSort,10000,Nearly Sorted,2,0.9735,401
PQSort,10000,Nearly Sorted,3,0.9875,401
PQSort,10000,Nearly Sorted,4,1.0144,401
PQSort,10000,Nearly Sorted,5,0.9976,401
PQSort,10000,Nearly Sorted,6,0.9865,401
PQSort,10000,Nearly Sorted,7,1.0064,401
PQSort,10000,Nearly Sorted,8,0.9854,401
PQSort,10000,Nearly Sorted,9,0.9788,401
PQSort,10000,Nearly Sorted,10,0.9644,401
PQSort,10000,Nearly Sorted,11,0.9797,401
PQSort,10000,Nearly Sorted,12,0.9778,401
PQSort,10000,Nearly Sorted,13,0.9793,401
PQSort,10000,Nearly Sorted,14,0.9715,401
PQSort,10000,Nearly Sorted,15,0.9772,401
PQSort,10000,Nearly Sorted,16,0.9637,401
PQSort,10000,Nearly Sorted,17,0.9637,401
PQSort,10000,Nearly Sorted,18,0.9539,401
PQSort,10000,Nearly Sorted,19,0.9771,401
PQSort,10000,Nearly Sorted,20,0.9645,401
PQSort,10000,Nearly Sorted,21,0.9712,401
PQSort,10000,Nearly Sorted,22,1.7475,401
PQSort,10000,Nearly Sorted,23,0.9733,401
PQSort,10000,Nearly Sorted,24,0.9936,401
PQSort,10000,Nearly Sorted,25,0.9851,401
PQSort,10000,Nearly Sorted,26,0.9849,401
PQSort,10000,Nearly Sorted,27,1.0025,401
PQSort,10000,Nearly Sorted,28,0.9831,401
PQSort,10000,Nearly Sorted,29,0.9795,401
PQSort,10000,Nearly Sorted,30,0.9544,401
PQSort,10000,Reverse Sorted,1,0.9510,402
PQSort,10000,Reverse Sorted,2,0.9491,402
PQSort,10000,Reverse Sorted,3,0.9530,402
PQSort,10000,Reverse Sorted,4,0.9494,402
PQSort,10000,Reverse Sorted,5,0.9238,402
PQSort,10000,Reverse Sorted,6,0.9243,402
PQSort,10000,Reverse Sorted,7,0.9089,402
PQSort,10000,Reverse Sorted,8,0.9231,402
PQSort,10000,Reverse Sorted,9,0.9250,402
PQSort,10000,Reverse Sorted,10,0.9209,402
PQSort,10000,Reverse Sorted,11,0.9058,402
PQSort,10000,Reverse Sorted,12,0.9365,402
PQSort,10000,Reverse Sorted,13,0.9227,402
PQSort,10000,Reverse Sorted,14,0.9319,402
PQSort,10000,Reverse Sorted,15,0.9204,402
PQSort,10000,Reverse Sorted,16,0.9225,402
PQSort,10000,Reverse Sorted,17,0.9055,402
PQSort,10000,Reverse Sorted,18,0.9316,402
PQSort,10000,Reverse Sorted,19,1.0007,409
PQSort,10000,Reverse Sorted,20,0.9378,401
PQSort,10000,Reverse Sorted,21,0.9493,412
PQSort,10000,Reverse Sorted,22,0.9779,411
PQSort,10000,Reverse Sorted,23,2.0775,416
PQSort,10000,Reverse Sorted,24,1.3437,402
PQSort,10000,Reverse Sorted,25,0.9378,402
PQSort,10000,Reverse Sorted,26,0.9569,402
PQSort,10000,Reverse Sorted,27,0.9251,402
PQSort,10000,Reverse Sorted,28,0.9340,402
PQSort,10000,Reverse Sorted,29,0.9896,402
PQSort,10000,Reverse Sorted,30,0.9518,402
JavaSort,100,Random,1,1.7584,51
JavaSort,100,Random,2,0.0544,6
JavaSort,100,Random,3,0.0505,4
JavaSort,100,Random,4,0.0468,3
JavaSort,100,Random,5,0.0523,3
JavaSort,100,Random,6,0.0422,3
JavaSort,100,Random,7,0.0465,3
JavaSort,100,Random,8,0.0755,3
JavaSort,100,Random,9,0.0459,3
JavaSort,100,Random,10,0.0464,3
JavaSort,100,Random,11,0.0430,3
JavaSort,100,Random,12,0.0444,3
JavaSort,100,Random,13,0.0424,3
JavaSort,100,Random,14,0.1346,3
JavaSort,100,Random,15,0.0636,3
JavaSort,100,Random,16,0.0595,3
JavaSort,100,Random,17,0.0602,3
JavaSort,100,Random,18,0.0487,3
JavaSort,100,Random,19,0.0582,3
JavaSort,100,Random,20,0.0413,3
JavaSort,100,Random,21,0.0524,3
JavaSort,100,Random,22,0.0512,3
JavaSort,100,Random,23,0.0599,3
JavaSort,100,Random,24,0.1578,3
JavaSort,100,Random,25,0.0620,3
JavaSort,100,Random,26,0.0559,3
JavaSort,100,Random,27,0.0538,3
JavaSort,100,Random,28,0.1504,3
JavaSort,100,Random,29,0.0582,3
JavaSort,100,Random,30,0.0589,3
JavaSort,100,Nearly Sorted,1,0.1409,3
JavaSort,100,Nearly Sorted,2,0.0337,3
JavaSort,100,Nearly Sorted,3,0.0462,3
JavaSort,100,Nearly Sorted,4,0.0440,3
JavaSort,100,Nearly Sorted,5,0.0419,3
JavaSort,100,Nearly Sorted,6,0.0463,3
JavaSort,100,Nearly Sorted,7,0.0416,3
JavaSort,100,Nearly Sorted,8,0.0618,3
JavaSort,100,Nearly Sorted,9,0.0458,3
JavaSort,100,Nearly Sorted,10,0.0345,3
JavaSort,100,Nearly Sorted,11,0.0388,3
JavaSort,100,Nearly Sorted,12,0.0335,3
JavaSort,100,Nearly Sorted,13,0.0409,3
JavaSort,100,Nearly Sorted,14,0.0357,3
JavaSort,100,Nearly Sorted,15,0.0587,3
JavaSort,100,Nearly Sorted,16,0.0362,3
JavaSort,100,Nearly Sorted,17,0.0300,3
JavaSort,100,Nearly Sorted,18,0.0442,3
JavaSort,100,Nearly Sorted,19,0.0433,3
JavaSort,100,Nearly Sorted,20,0.0556,3
JavaSort,100,Nearly Sorted,21,0.0282,3
JavaSort,100,Nearly Sorted,22,0.0421,3
JavaSort,100,Nearly Sorted,23,0.0981,3
JavaSort,100,Nearly Sorted,24,0.0298,3
JavaSort,100,Nearly Sorted,25,0.0958,3
JavaSort,100,Nearly Sorted,26,0.0296,3
JavaSort,100,Nearly Sorted,27,0.0302,3
JavaSort,100,Nearly Sorted,28,0.0369,3
JavaSort,100,Nearly Sorted,29,0.0285,3
JavaSort,100,Nearly Sorted,30,0.0279,3
JavaSort,100,Reverse Sorted,1,0.0141,3
JavaSort,100,Reverse Sorted,2,0.0167,3
JavaSort,100,Reverse Sorted,3,0.0146,3
JavaSort,100,Reverse Sorted,4,0.0156,3
JavaSort,100,Reverse Sorted,5,0.0332,3
JavaSort,100,Reverse Sorted,6,0.0158,3
JavaSort,100,Reverse Sorted,7,0.0427,3
JavaSort,100,Reverse Sorted,8,0.0192,3
JavaSort,100,Reverse Sorted,9,0.0183,3
JavaSort,100,Reverse Sorted,10,0.0445,3
JavaSort,100,Reverse Sorted,11,0.0227,3
JavaSort,100,Reverse Sorted,12,0.0138,3
JavaSort,100,Reverse Sorted,13,0.0186,3
JavaSort,100,Reverse Sorted,14,0.0260,3
JavaSort,100,Reverse Sorted,15,0.0176,3
JavaSort,100,Reverse Sorted,16,0.0195,3
JavaSort,100,Reverse Sorted,17,0.0162,3
JavaSort,100,Reverse Sorted,18,0.0135,3
JavaSort,100,Reverse Sorted,19,0.0345,3
JavaSort,100,Reverse Sorted,20,0.0572,3
JavaSort,100,Reverse Sorted,21,0.0219,3
JavaSort,100,Reverse Sorted,22,0.0189,3
JavaSort,100,Reverse Sorted,23,0.0137,3
JavaSort,100,Reverse Sorted,24,0.0451,3
JavaSort,100,Reverse Sorted,25,0.0166,3
JavaSort,100,Reverse Sorted,26,0.0204,3
JavaSort,100,Reverse Sorted,27,0.0194,3
JavaSort,100,Reverse Sorted,28,0.0455,3
JavaSort,100,Reverse Sorted,29,0.0185,3
JavaSort,100,Reverse Sorted,30,0.0178,6
JavaSort,1000,Random,1,0.6525,11
JavaSort,1000,Random,2,0.2497,11
JavaSort,1000,Random,3,0.5982,19
JavaSort,1000,Random,4,0.4171,15
JavaSort,1000,Random,5,0.1019,13
JavaSort,1000,Random,6,0.3741,13
JavaSort,1000,Random,7,0.0924,10
JavaSort,1000,Random,8,0.0946,13
JavaSort,1000,Random,9,0.0836,10
JavaSort,1000,Random,10,0.0896,13
JavaSort,1000,Random,11,0.1119,13
JavaSort,1000,Random,12,0.4071,16
JavaSort,1000,Random,13,0.2277,10
JavaSort,1000,Random,14,0.4332,10
JavaSort,1000,Random,15,0.1398,10
JavaSort,1000,Random,16,0.4035,10
JavaSort,1000,Random,17,0.1279,10
JavaSort,1000,Random,18,0.1770,10
JavaSort,1000,Random,19,0.1437,10
JavaSort,1000,Random,20,0.7034,10
JavaSort,1000,Random,21,0.1418,10
JavaSort,1000,Random,22,0.5094,10
JavaSort,1000,Random,23,0.0935,10
JavaSort,1000,Random,24,0.1633,10
JavaSort,1000,Random,25,0.0860,10
JavaSort,1000,Random,26,0.0881,10
JavaSort,1000,Random,27,0.0801,10
JavaSort,1000,Random,28,0.1008,10
JavaSort,1000,Random,29,0.0983,10
JavaSort,1000,Random,30,0.1123,10
JavaSort,1000,Nearly Sorted,1,0.0766,10
JavaSort,1000,Nearly Sorted,2,0.3451,10
JavaSort,1000,Nearly Sorted,3,0.2243,10
JavaSort,1000,Nearly Sorted,4,0.0918,10
JavaSort,1000,Nearly Sorted,5,0.0514,10
JavaSort,1000,Nearly Sorted,6,0.0928,10
JavaSort,1000,Nearly Sorted,7,0.0488,10
JavaSort,1000,Nearly Sorted,8,0.0515,10
JavaSort,1000,Nearly Sorted,9,0.0495,10
JavaSort,1000,Nearly Sorted,10,0.0592,10
JavaSort,1000,Nearly Sorted,11,0.0526,10
JavaSort,1000,Nearly Sorted,12,0.0500,10
JavaSort,1000,Nearly Sorted,13,0.1626,10
JavaSort,1000,Nearly Sorted,14,0.0476,10
JavaSort,1000,Nearly Sorted,15,0.1116,10
JavaSort,1000,Nearly Sorted,16,0.0656,10
JavaSort,1000,Nearly Sorted,17,0.0614,10
JavaSort,1000,Nearly Sorted,18,0.0413,10
JavaSort,1000,Nearly Sorted,19,0.0686,10
JavaSort,1000,Nearly Sorted,20,0.0493,10
JavaSort,1000,Nearly Sorted,21,0.0711,10
JavaSort,1000,Nearly Sorted,22,0.0478,10
JavaSort,1000,Nearly Sorted,23,0.0508,10
JavaSort,1000,Nearly Sorted,24,0.1702,10
JavaSort,1000,Nearly Sorted,25,0.1748,10
JavaSort,1000,Nearly Sorted,26,0.0561,10
JavaSort,1000,Nearly Sorted,27,0.0452,10
JavaSort,1000,Nearly Sorted,28,0.0606,10
JavaSort,1000,Nearly Sorted,29,0.1250,10
JavaSort,1000,Nearly Sorted,30,0.0451,10
JavaSort,1000,Reverse Sorted,1,0.1517,10
JavaSort,1000,Reverse Sorted,2,0.0447,10
JavaSort,1000,Reverse Sorted,3,0.1654,10
JavaSort,1000,Reverse Sorted,4,0.0198,10
JavaSort,1000,Reverse Sorted,5,0.0173,10
JavaSort,1000,Reverse Sorted,6,0.0314,10
JavaSort,1000,Reverse Sorted,7,0.0177,10
JavaSort,1000,Reverse Sorted,8,0.0194,10
JavaSort,1000,Reverse Sorted,9,0.0179,10
JavaSort,1000,Reverse Sorted,10,0.0226,10
JavaSort,1000,Reverse Sorted,11,0.0554,10
JavaSort,1000,Reverse Sorted,12,0.0196,10
JavaSort,1000,Reverse Sorted,13,0.0180,10
JavaSort,1000,Reverse Sorted,14,0.0200,10
JavaSort,1000,Reverse Sorted,15,0.0267,10
JavaSort,1000,Reverse Sorted,16,0.0253,10
JavaSort,1000,Reverse Sorted,17,0.0218,10
JavaSort,1000,Reverse Sorted,18,0.0286,10
JavaSort,1000,Reverse Sorted,19,0.0222,10
JavaSort,1000,Reverse Sorted,20,0.0190,10
JavaSort,1000,Reverse Sorted,21,0.0253,10
JavaSort,1000,Reverse Sorted,22,0.0210,10
JavaSort,1000,Reverse Sorted,23,0.0261,10
JavaSort,1000,Reverse Sorted,24,0.0263,10
JavaSort,1000,Reverse Sorted,25,0.0636,10
JavaSort,1000,Reverse Sorted,26,0.0191,10
JavaSort,1000,Reverse Sorted,27,0.0277,10
JavaSort,1000,Reverse Sorted,28,0.0205,10
JavaSort,1000,Reverse Sorted,29,0.0251,10
JavaSort,1000,Reverse Sorted,30,0.0673,10
JavaSort,5000,Random,1,0.6149,42
JavaSort,5000,Random,2,0.5552,42
JavaSort,5000,Random,3,1.1076,51
JavaSort,5000,Random,4,0.4302,45
JavaSort,5000,Random,5,0.9548,42
JavaSort,5000,Random,6,0.9033,42
JavaSort,5000,Random,7,1.0589,42
JavaSort,5000,Random,8,0.2517,42
JavaSort,5000,Random,9,0.2399,42
JavaSort,5000,Random,10,0.2830,42
JavaSort,5000,Random,11,0.2510,42
JavaSort,5000,Random,12,0.6670,42
JavaSort,5000,Random,13,0.2514,42
JavaSort,5000,Random,14,0.2579,42
JavaSort,5000,Random,15,0.2541,42
JavaSort,5000,Random,16,0.2695,42
JavaSort,5000,Random,17,0.3600,45
JavaSort,5000,Random,18,1.0396,44
JavaSort,5000,Random,19,0.3026,42
JavaSort,5000,Random,20,0.2886,50
JavaSort,5000,Random,21,0.3967,47
JavaSort,5000,Random,22,0.3051,45
JavaSort,5000,Random,23,0.3396,44
JavaSort,5000,Random,24,0.3826,44
JavaSort,5000,Random,25,0.6928,47
JavaSort,5000,Random,26,0.4615,52
JavaSort,5000,Random,27,0.3055,41
JavaSort,5000,Random,28,0.4190,41
JavaSort,5000,Random,29,0.2917,41
JavaSort,5000,Random,30,0.9337,41
JavaSort,5000,Nearly Sorted,1,0.2036,41
JavaSort,5000,Nearly Sorted,2,0.6461,41
JavaSort,5000,Nearly Sorted,3,0.1978,41
JavaSort,5000,Nearly Sorted,4,0.2531,41
JavaSort,5000,Nearly Sorted,5,0.2086,41
JavaSort,5000,Nearly Sorted,6,0.2364,41
JavaSort,5000,Nearly Sorted,7,0.1808,41
JavaSort,5000,Nearly Sorted,8,0.2372,41
JavaSort,5000,Nearly Sorted,9,0.6770,41
JavaSort,5000,Nearly Sorted,10,0.2367,41
JavaSort,5000,Nearly Sorted,11,0.1999,41
JavaSort,5000,Nearly Sorted,12,0.1958,41
JavaSort,5000,Nearly Sorted,13,0.2711,41
JavaSort,5000,Nearly Sorted,14,0.2131,41
JavaSort,5000,Nearly Sorted,15,0.1857,41
JavaSort,5000,Nearly Sorted,16,0.6765,41
JavaSort,5000,Nearly Sorted,17,0.2094,41
JavaSort,5000,Nearly Sorted,18,0.1898,41
JavaSort,5000,Nearly Sorted,19,0.1864,41
JavaSort,5000,Nearly Sorted,20,0.1930,41
JavaSort,5000,Nearly Sorted,21,0.2031,41
JavaSort,5000,Nearly Sorted,22,0.3009,41
JavaSort,5000,Nearly Sorted,23,0.1870,41
JavaSort,5000,Nearly Sorted,24,0.2642,41
JavaSort,5000,Nearly Sorted,25,0.2495,41
JavaSort,5000,Nearly Sorted,26,0.7204,41
JavaSort,5000,Nearly Sorted,27,0.6502,41
JavaSort,5000,Nearly Sorted,28,0.2259,41
JavaSort,5000,Nearly Sorted,29,0.2810,41
JavaSort,5000,Nearly Sorted,30,0.2743,41
JavaSort,5000,Reverse Sorted,1,0.1450,41
JavaSort,5000,Reverse Sorted,2,0.0656,41
JavaSort,5000,Reverse Sorted,3,0.0869,41
JavaSort,5000,Reverse Sorted,4,0.0579,41
JavaSort,5000,Reverse Sorted,5,0.0576,41
JavaSort,5000,Reverse Sorted,6,0.0723,41
JavaSort,5000,Reverse Sorted,7,0.0893,41
JavaSort,5000,Reverse Sorted,8,0.0759,41
JavaSort,5000,Reverse Sorted,9,0.4172,41
JavaSort,5000,Reverse Sorted,10,0.0909,41
JavaSort,5000,Reverse Sorted,11,0.0531,41
JavaSort,5000,Reverse Sorted,12,0.0654,41
JavaSort,5000,Reverse Sorted,13,0.0503,41
JavaSort,5000,Reverse Sorted,14,0.0371,41
JavaSort,5000,Reverse Sorted,15,0.0348,41
JavaSort,5000,Reverse Sorted,16,0.0598,41
JavaSort,5000,Reverse Sorted,17,0.0499,41
JavaSort,5000,Reverse Sorted,18,0.1652,41
JavaSort,5000,Reverse Sorted,19,0.0503,41
JavaSort,5000,Reverse Sorted,20,0.0500,41
JavaSort,5000,Reverse Sorted,21,0.0348,41
JavaSort,5000,Reverse Sorted,22,0.1015,41
JavaSort,5000,Reverse Sorted,23,0.0397,41
JavaSort,5000,Reverse Sorted,24,0.0430,41
JavaSort,5000,Reverse Sorted,25,0.0516,41
JavaSort,5000,Reverse Sorted,26,0.0329,41
JavaSort,5000,Reverse Sorted,27,0.0566,41
JavaSort,5000,Reverse Sorted,28,0.0462,41
JavaSort,5000,Reverse Sorted,29,0.1088,41
JavaSort,5000,Reverse Sorted,30,0.0986,41
JavaSort,10000,Random,1,0.8385,81
JavaSort,10000,Random,2,0.9214,81
JavaSort,10000,Random,3,0.9281,89
JavaSort,10000,Random,4,1.3673,81
JavaSort,10000,Random,5,1.2872,89
JavaSort,10000,Random,6,0.8832,90
JavaSort,10000,Random,7,0.7059,89
JavaSort,10000,Random,8,0.7296,86
JavaSort,10000,Random,9,0.7261,81
JavaSort,10000,Random,10,0.7300,81
JavaSort,10000,Random,11,1.5792,81
JavaSort,10000,Random,12,0.8037,81
JavaSort,10000,Random,13,0.7566,81
JavaSort,10000,Random,14,0.7602,81
JavaSort,10000,Random,15,1.4349,81
JavaSort,10000,Random,16,0.7211,81
JavaSort,10000,Random,17,0.7090,81
JavaSort,10000,Random,18,0.9392,81
JavaSort,10000,Random,19,1.2477,81
JavaSort,10000,Random,20,0.7495,81
JavaSort,10000,Random,21,0.6574,81
JavaSort,10000,Random,22,1.0045,81
JavaSort,10000,Random,23,0.6993,81
JavaSort,10000,Random,24,0.9504,81
JavaSort,10000,Random,25,0.8692,81
JavaSort,10000,Random,26,0.9194,81
JavaSort,10000,Random,27,0.9340,81
JavaSort,10000,Random,28,1.0336,81
JavaSort,10000,Random,29,0.6627,81
JavaSort,10000,Random,30,1.7517,81
JavaSort,10000,Nearly Sorted,1,0.4433,81
JavaSort,10000,Nearly Sorted,2,0.4996,81
JavaSort,10000,Nearly Sorted,3,0.8218,81
JavaSort,10000,Nearly Sorted,4,1.3934,81
JavaSort,10000,Nearly Sorted,5,0.4251,81
JavaSort,10000,Nearly Sorted,6,0.4028,81
JavaSort,10000,Nearly Sorted,7,0.4071,81
JavaSort,10000,Nearly Sorted,8,0.4120,81
JavaSort,10000,Nearly Sorted,9,0.4196,81
JavaSort,10000,Nearly Sorted,10,0.5968,81
JavaSort,10000,Nearly Sorted,11,0.4699,81
JavaSort,10000,Nearly Sorted,12,0.5834,81
JavaSort,10000,Nearly Sorted,13,0.4825,81
JavaSort,10000,Nearly Sorted,14,0.6445,81
JavaSort,10000,Nearly Sorted,15,1.3071,81
JavaSort,10000,Nearly Sorted,16,0.6370,81
JavaSort,10000,Nearly Sorted,17,0.5849,81
JavaSort,10000,Nearly Sorted,18,0.4704,81
JavaSort,10000,Nearly Sorted,19,0.5926,81
JavaSort,10000,Nearly Sorted,20,0.4885,81
JavaSort,10000,Nearly Sorted,21,0.7057,81
JavaSort,10000,Nearly Sorted,22,0.5360,81
JavaSort,10000,Nearly Sorted,23,0.7526,81
JavaSort,10000,Nearly Sorted,24,0.4937,81
JavaSort,10000,Nearly Sorted,25,0.6209,81
JavaSort,10000,Nearly Sorted,26,0.5774,81
JavaSort,10000,Nearly Sorted,27,0.4557,81
JavaSort,10000,Nearly Sorted,28,0.6137,81
JavaSort,10000,Nearly Sorted,29,0.4328,81
JavaSort,10000,Nearly Sorted,30,0.4829,81
JavaSort,10000,Reverse Sorted,1,0.0420,81
JavaSort,10000,Reverse Sorted,2,0.0402,81
JavaSort,10000,Reverse Sorted,3,0.0417,81
JavaSort,10000,Reverse Sorted,4,0.0417,81
JavaSort,10000,Reverse Sorted,5,0.0620,81
JavaSort,10000,Reverse Sorted,6,0.0677,81
JavaSort,10000,Reverse Sorted,7,0.0557,81
JavaSort,10000,Reverse Sorted,8,0.0385,81
JavaSort,10000,Reverse Sorted,9,0.0409,81
JavaSort,10000,Reverse Sorted,10,0.0420,83
JavaSort,10000,Reverse Sorted,11,0.0415,80
JavaSort,10000,Reverse Sorted,12,0.1158,83
JavaSort,10000,Reverse Sorted,13,0.0428,81
JavaSort,10000,Reverse Sorted,14,0.1107,83
JavaSort,10000,Reverse Sorted,15,0.1337,81
JavaSort,10000,Reverse Sorted,16,0.0396,81
JavaSort,10000,Reverse Sorted,17,0.0475,80
JavaSort,10000,Reverse Sorted,18,0.0451,83
JavaSort,10000,Reverse Sorted,19,0.1535,83
JavaSort,10000,Reverse Sorted,20,0.0553,81
JavaSort,10000,Reverse Sorted,21,0.1364,81
JavaSort,10000,Reverse Sorted,22,0.1348,81
JavaSort,10000,Reverse Sorted,23,0.0399,80
JavaSort,10000,Reverse Sorted,24,0.1225,83
JavaSort,10000,Reverse Sorted,25,0.0371,81
JavaSort,10000,Reverse Sorted,26,0.0482,81
JavaSort,10000,Reverse Sorted,27,0.1262,83
JavaSort,10000,Reverse Sorted,28,0.0529,81
JavaSort,10000,Reverse Sorted,29,0.0387,81
JavaSort,10000,Reverse Sorted,30,0.0384,81
QuickSort,100,Random,1,0.1967,5
QuickSort,100,Random,2,0.1019,5
QuickSort,100,Random,3,0.1275,5
QuickSort,100,Random,4,0.0909,5
QuickSort,100,Random,5,0.0815,5
QuickSort,100,Random,6,0.1238,5
QuickSort,100,Random,7,0.1902,5
QuickSort,100,Random,8,0.0644,5
QuickSort,100,Random,9,0.0447,5
QuickSort,100,Random,10,0.0448,5
QuickSort,100,Random,11,0.0389,5
QuickSort,100,Random,12,0.0615,5
QuickSort,100,Random,13,0.1267,5
QuickSort,100,Random,14,0.0425,5
QuickSort,100,Random,15,0.1413,5
QuickSort,100,Random,16,0.0628,5
QuickSort,100,Random,17,0.0378,5
QuickSort,100,Random,18,0.0516,5
QuickSort,100,Random,19,0.1370,5
QuickSort,100,Random,20,0.0433,5
QuickSort,100,Random,21,0.0384,5
QuickSort,100,Random,22,0.1343,5
QuickSort,100,Random,23,0.0424,5
QuickSort,100,Random,24,0.0754,5
QuickSort,100,Random,25,0.0465,5
QuickSort,100,Random,26,0.0825,5
QuickSort,100,Random,27,0.0679,5
QuickSort,100,Random,28,0.0551,5
QuickSort,100,Random,29,0.1058,5
QuickSort,100,Random,30,0.1464,5
QuickSort,100,Nearly Sorted,1,0.0404,5
QuickSort,100,Nearly Sorted,2,0.1412,5
QuickSort,100,Nearly Sorted,3,0.0400,5
QuickSort,100,Nearly Sorted,4,0.0520,5
QuickSort,100,Nearly Sorted,5,0.1268,5
QuickSort,100,Nearly Sorted,6,0.0524,5
QuickSort,100,Nearly Sorted,7,0.0475,5
QuickSort,100,Nearly Sorted,8,0.0413,5
QuickSort,100,Nearly Sorted,9,0.0381,5
QuickSort,100,Nearly Sorted,10,0.1147,5
QuickSort,100,Nearly Sorted,11,0.0991,5
QuickSort,100,Nearly Sorted,12,0.1267,5
QuickSort,100,Nearly Sorted,13,0.0317,5
QuickSort,100,Nearly Sorted,14,0.1060,5
QuickSort,100,Nearly Sorted,15,0.0316,5
QuickSort,100,Nearly Sorted,16,0.1348,5
QuickSort,100,Nearly Sorted,17,0.0489,5
QuickSort,100,Nearly Sorted,18,0.0561,5
QuickSort,100,Nearly Sorted,19,0.0387,5
QuickSort,100,Nearly Sorted,20,0.1315,5
QuickSort,100,Nearly Sorted,21,0.0570,5
QuickSort,100,Nearly Sorted,22,0.0363,5
QuickSort,100,Nearly Sorted,23,0.0382,5
QuickSort,100,Nearly Sorted,24,0.0349,5
QuickSort,100,Nearly Sorted,25,0.1141,5
QuickSort,100,Nearly Sorted,26,0.0447,5
QuickSort,100,Nearly Sorted,27,0.0567,5
QuickSort,100,Nearly Sorted,28,0.1057,5
QuickSort,100,Nearly Sorted,29,0.1201,5
QuickSort,100,Nearly Sorted,30,0.1004,5
QuickSort,100,Reverse Sorted,1,0.0497,5
QuickSort,100,Reverse Sorted,2,0.0418,5
QuickSort,100,Reverse Sorted,3,0.0490,5
QuickSort,100,Reverse Sorted,4,0.0481,5
QuickSort,100,Reverse Sorted,5,0.0359,5
QuickSort,100,Reverse Sorted,6,0.0392,5
QuickSort,100,Reverse Sorted,7,0.1247,5
QuickSort,100,Reverse Sorted,8,0.0670,5
QuickSort,100,Reverse Sorted,9,0.0383,5
QuickSort,100,Reverse Sorted,10,0.0504,5
QuickSort,100,Reverse Sorted,11,0.0405,5
QuickSort,100,Reverse Sorted,12,0.0716,8
QuickSort,100,Reverse Sorted,13,0.1639,5
QuickSort,100,Reverse Sorted,14,0.0804,6
QuickSort,100,Reverse Sorted,15,0.0707,6
QuickSort,100,Reverse Sorted,16,0.0293,5
QuickSort,100,Reverse Sorted,17,0.0782,5
QuickSort,100,Reverse Sorted,18,0.1100,8
QuickSort,100,Reverse Sorted,19,0.0858,8
QuickSort,100,Reverse Sorted,20,0.0340,6
QuickSort,100,Reverse Sorted,21,0.0320,8
QuickSort,100,Reverse Sorted,22,0.0377,6
QuickSort,100,Reverse Sorted,23,0.0256,8
QuickSort,100,Reverse Sorted,24,0.0828,6
QuickSort,100,Reverse Sorted,25,0.0306,5
QuickSort,100,Reverse Sorted,26,0.0412,5
QuickSort,100,Reverse Sorted,27,0.0441,5
QuickSort,100,Reverse Sorted,28,0.0335,5
QuickSort,100,Reverse Sorted,29,0.0308,5
QuickSort,100,Reverse Sorted,30,0.0294,5
QuickSort,1000,Random,1,0.1373,53
QuickSort,1000,Random,2,0.1533,51
QuickSort,1000,Random,3,0.1345,51
QuickSort,1000,Random,4,0.1341,51
QuickSort,1000,Random,5,0.1360,53
QuickSort,1000,Random,6,0.1372,53
QuickSort,1000,Random,7,0.1878,51
QuickSort,1000,Random,8,0.1734,53
QuickSort,1000,Random,9,0.1435,53
QuickSort,1000,Random,10,0.1387,51
QuickSort,1000,Random,11,0.1404,53
QuickSort,1000,Random,12,0.1384,51
QuickSort,1000,Random,13,0.1347,53
QuickSort,1000,Random,14,0.3831,51
QuickSort,1000,Random,15,0.1432,53
QuickSort,1000,Random,16,0.1370,53
QuickSort,1000,Random,17,0.1372,53
QuickSort,1000,Random,18,0.1263,53
QuickSort,1000,Random,19,0.1388,53
QuickSort,1000,Random,20,0.1400,53
QuickSort,1000,Random,21,0.1217,53
QuickSort,1000,Random,22,0.1932,53
QuickSort,1000,Random,23,0.1793,53
QuickSort,1000,Random,24,0.1791,53
QuickSort,1000,Random,25,0.1415,53
QuickSort,1000,Random,26,0.1221,53
QuickSort,1000,Random,27,0.1250,51
QuickSort,1000,Random,28,0.1202,51
QuickSort,1000,Random,29,0.1266,51
QuickSort,1000,Random,30,0.1239,53
QuickSort,1000,Nearly Sorted,1,0.1071,51
QuickSort,1000,Nearly Sorted,2,0.0926,51
QuickSort,1000,Nearly Sorted,3,0.0966,51
QuickSort,1000,Nearly Sorted,4,0.0914,51
QuickSort,1000,Nearly Sorted,5,0.1296,51
QuickSort,1000,Nearly Sorted,6,0.0916,51
QuickSort,1000,Nearly Sorted,7,0.0954,51
QuickSort,1000,Nearly Sorted,8,0.0928,51
QuickSort,1000,Nearly Sorted,9,0.0901,51
QuickSort,1000,Nearly Sorted,10,0.3718,51
QuickSort,1000,Nearly Sorted,11,0.1007,51
QuickSort,1000,Nearly Sorted,12,0.0960,51
QuickSort,1000,Nearly Sorted,13,0.1048,48
QuickSort,1000,Nearly Sorted,14,0.1020,51
QuickSort,1000,Nearly Sorted,15,0.0980,51
QuickSort,1000,Nearly Sorted,16,0.2072,51
QuickSort,1000,Nearly Sorted,17,0.1304,51
QuickSort,1000,Nearly Sorted,18,0.0933,51
QuickSort,1000,Nearly Sorted,19,0.0944,48
QuickSort,1000,Nearly Sorted,20,0.0980,51
QuickSort,1000,Nearly Sorted,21,0.0961,51
QuickSort,1000,Nearly Sorted,22,0.1395,48
QuickSort,1000,Nearly Sorted,23,0.0981,48
QuickSort,1000,Nearly Sorted,24,0.0971,51
QuickSort,1000,Nearly Sorted,25,0.2836,51
QuickSort,1000,Nearly Sorted,26,0.1003,51
QuickSort,1000,Nearly Sorted,27,0.0993,51
QuickSort,1000,Nearly Sorted,28,0.0992,51
QuickSort,1000,Nearly Sorted,29,0.0919,51
QuickSort,1000,Nearly Sorted,30,0.0835,48
QuickSort,1000,Reverse Sorted,1,0.0766,48
QuickSort,1000,Reverse Sorted,2,0.0811,51
QuickSort,1000,Reverse Sorted,3,0.0773,51
QuickSort,1000,Reverse Sorted,4,0.1236,53
QuickSort,1000,Reverse Sorted,5,0.3162,56
QuickSort,1000,Reverse Sorted,6,0.0860,50
QuickSort,1000,Reverse Sorted,7,0.1298,50
QuickSort,1000,Reverse Sorted,8,0.0799,48
QuickSort,1000,Reverse Sorted,9,0.1250,53
QuickSort,1000,Reverse Sorted,10,0.3315,53
QuickSort,1000,Reverse Sorted,11,0.3147,56
QuickSort,1000,Reverse Sorted,12,0.0786,53
QuickSort,1000,Reverse Sorted,13,0.2978,53
QuickSort,1000,Reverse Sorted,14,0.0843,51
QuickSort,1000,Reverse Sorted,15,0.0862,48
QuickSort,1000,Reverse Sorted,16,0.0923,48
QuickSort,1000,Reverse Sorted,17,0.1381,51
QuickSort,1000,Reverse Sorted,18,0.3027,48
QuickSort,1000,Reverse Sorted,19,0.1297,51
QuickSort,1000,Reverse Sorted,20,0.0969,51
QuickSort,1000,Reverse Sorted,21,0.3056,51
QuickSort,1000,Reverse Sorted,22,0.0948,48
QuickSort,1000,Reverse Sorted,23,0.0850,51
QuickSort,1000,Reverse Sorted,24,0.1089,51
QuickSort,1000,Reverse Sorted,25,0.0942,51
QuickSort,1000,Reverse Sorted,26,0.1367,48
QuickSort,1000,Reverse Sorted,27,0.0912,48
QuickSort,1000,Reverse Sorted,28,0.0913,51
QuickSort,1000,Reverse Sorted,29,0.1053,51
QuickSort,1000,Reverse Sorted,30,0.1593,51
QuickSort,5000,Random,1,0.6342,255
QuickSort,5000,Random,2,0.6500,255
QuickSort,5000,Random,3,0.6067,246
QuickSort,5000,Random,4,0.6132,238
QuickSort,5000,Random,5,0.6690,236
QuickSort,5000,Random,6,0.5962,231
QuickSort,5000,Random,7,0.7955,230
QuickSort,5000,Random,8,0.7560,230
QuickSort,5000,Random,9,0.6127,234
QuickSort,5000,Random,10,0.9825,230
QuickSort,5000,Random,11,0.5972,229
QuickSort,5000,Random,12,0.5734,233
QuickSort,5000,Random,13,0.5962,233
QuickSort,5000,Random,14,0.7851,230
QuickSort,5000,Random,15,1.2587,230
QuickSort,5000,Random,16,0.7114,230
QuickSort,5000,Random,17,0.5763,230
QuickSort,5000,Random,18,0.5698,231
QuickSort,5000,Random,19,0.5755,230
QuickSort,5000,Random,20,0.6002,231
QuickSort,5000,Random,21,0.5784,230
QuickSort,5000,Random,22,0.5657,231
QuickSort,5000,Random,23,0.5648,234
QuickSort,5000,Random,24,1.0828,231
QuickSort,5000,Random,25,0.5564,232
QuickSort,5000,Random,26,0.5618,231
QuickSort,5000,Random,27,0.5596,230
QuickSort,5000,Random,28,0.5531,231
QuickSort,5000,Random,29,0.5466,230
QuickSort,5000,Random,30,0.5472,231
QuickSort,5000,Nearly Sorted,1,0.3541,221
QuickSort,5000,Nearly Sorted,2,0.3290,218
QuickSort,5000,Nearly Sorted,3,0.3516,221
QuickSort,5000,Nearly Sorted,4,0.3425,219
QuickSort,5000,Nearly Sorted,5,1.0555,224
QuickSort,5000,Nearly Sorted,6,0.3441,219
QuickSort,5000,Nearly Sorted,7,0.3461,223
QuickSort,5000,Nearly Sorted,8,0.3416,222
QuickSort,5000,Nearly Sorted,9,0.3461,222
QuickSort,5000,Nearly Sorted,10,0.3393,219
QuickSort,5000,Nearly Sorted,11,0.3434,222
QuickSort,5000,Nearly Sorted,12,0.3331,221
QuickSort,5000,Nearly Sorted,13,0.3398,223
QuickSort,5000,Nearly Sorted,14,0.3257,226
QuickSort,5000,Nearly Sorted,15,0.3402,222
QuickSort,5000,Nearly Sorted,16,0.6236,222
QuickSort,5000,Nearly Sorted,17,0.3276,222
QuickSort,5000,Nearly Sorted,18,0.3202,219
QuickSort,5000,Nearly Sorted,19,1.0770,222
QuickSort,5000,Nearly Sorted,20,0.3230,221
QuickSort,5000,Nearly Sorted,21,0.3349,222
QuickSort,5000,Nearly Sorted,22,0.7329,221
QuickSort,5000,Nearly Sorted,23,0.3265,222
QuickSort,5000,Nearly Sorted,24,0.3261,225
QuickSort,5000,Nearly Sorted,25,0.3248,224
QuickSort,5000,Nearly Sorted,26,0.3220,224
QuickSort,5000,Nearly Sorted,27,0.3238,223
QuickSort,5000,Nearly Sorted,28,0.3371,223
QuickSort,5000,Nearly Sorted,29,0.3265,223
QuickSort,5000,Nearly Sorted,30,0.3318,222
QuickSort,5000,Reverse Sorted,1,0.3905,223
QuickSort,5000,Reverse Sorted,2,0.8673,222
QuickSort,5000,Reverse Sorted,3,0.3833,229
QuickSort,5000,Reverse Sorted,4,1.0393,231
QuickSort,5000,Reverse Sorted,5,0.3267,224
QuickSort,5000,Reverse Sorted,6,0.3978,228
QuickSort,5000,Reverse Sorted,7,0.3124,226
QuickSort,5000,Reverse Sorted,8,0.4248,224
QuickSort,5000,Reverse Sorted,9,0.4224,225
QuickSort,5000,Reverse Sorted,10,0.9361,221
QuickSort,5000,Reverse Sorted,11,0.3133,220
QuickSort,5000,Reverse Sorted,12,0.4544,220
QuickSort,5000,Reverse Sorted,13,0.4404,221
QuickSort,5000,Reverse Sorted,14,0.3234,221
QuickSort,5000,Reverse Sorted,15,0.4693,220
QuickSort,5000,Reverse Sorted,16,0.4500,220
QuickSort,5000,Reverse Sorted,17,0.4993,220
QuickSort,5000,Reverse Sorted,18,0.7807,220
QuickSort,5000,Reverse Sorted,19,0.3291,222
QuickSort,5000,Reverse Sorted,20,0.3434,221
QuickSort,5000,Reverse Sorted,21,0.3332,221
QuickSort,5000,Reverse Sorted,22,0.3394,222
QuickSort,5000,Reverse Sorted,23,0.4689,221
QuickSort,5000,Reverse Sorted,24,1.1119,221
QuickSort,5000,Reverse Sorted,25,0.3272,221
QuickSort,5000,Reverse Sorted,26,1.2527,222
QuickSort,5000,Reverse Sorted,27,0.3121,221
QuickSort,5000,Reverse Sorted,28,0.3155,221
QuickSort,5000,Reverse Sorted,29,0.3184,221
QuickSort,5000,Reverse Sorted,30,0.5967,221
QuickSort,10000,Random,1,2.3059,464
QuickSort,10000,Random,2,1.1597,449
QuickSort,10000,Random,3,1.1633,447
QuickSort,10000,Random,4,1.1623,441
QuickSort,10000,Random,5,1.1084,438
QuickSort,10000,Random,6,1.7106,435
QuickSort,10000,Random,7,1.3751,437
QuickSort,10000,Random,8,1.1334,440
QuickSort,10000,Random,9,1.1066,437
QuickSort,10000,Random,10,1.1317,438
QuickSort,10000,Random,11,1.1295,440
QuickSort,10000,Random,12,1.1202,433
QuickSort,10000,Random,13,1.0707,434
QuickSort,10000,Random,14,1.1035,432
QuickSort,10000,Random,15,1.1009,434
QuickSort,10000,Random,16,1.5052,434
QuickSort,10000,Random,17,1.4600,431
QuickSort,10000,Random,18,1.0886,434
QuickSort,10000,Random,19,1.2156,432
QuickSort,10000,Random,20,1.0921,432
QuickSort,10000,Random,21,1.0903,432
QuickSort,10000,Random,22,1.0789,435
QuickSort,10000,Random,23,1.0851,432
QuickSort,10000,Random,24,1.1071,435
QuickSort,10000,Random,25,1.0748,432
QuickSort,10000,Random,26,1.0658,440
QuickSort,10000,Random,27,1.6984,437
QuickSort,10000,Random,28,1.3946,436
QuickSort,10000,Random,29,1.3750,435
QuickSort,10000,Random,30,1.7194,435
QuickSort,10000,Nearly Sorted,1,0.8437,416
QuickSort,10000,Nearly Sorted,2,0.8241,419
QuickSort,10000,Nearly Sorted,3,1.4640,416
QuickSort,10000,Nearly Sorted,4,0.6559,413
QuickSort,10000,Nearly Sorted,5,0.6656,412
QuickSort,10000,Nearly Sorted,6,0.6425,417
QuickSort,10000,Nearly Sorted,7,0.8323,418
QuickSort,10000,Nearly Sorted,8,0.8613,418
QuickSort,10000,Nearly Sorted,9,1.3390,418
QuickSort,10000,Nearly Sorted,10,0.8092,417
QuickSort,10000,Nearly Sorted,11,0.6190,417
QuickSort,10000,Nearly Sorted,12,0.6146,417
QuickSort,10000,Nearly Sorted,13,0.7846,417
QuickSort,10000,Nearly Sorted,14,0.6331,417
QuickSort,10000,Nearly Sorted,15,1.4190,417
QuickSort,10000,Nearly Sorted,16,1.4785,417
QuickSort,10000,Nearly Sorted,17,0.7516,415
QuickSort,10000,Nearly Sorted,18,0.8280,415
QuickSort,10000,Nearly Sorted,19,0.6386,415
QuickSort,10000,Nearly Sorted,20,1.1232,415
QuickSort,10000,Nearly Sorted,21,0.6632,416
QuickSort,10000,Nearly Sorted,22,0.8804,420
QuickSort,10000,Nearly Sorted,23,0.9376,417
QuickSort,10000,Nearly Sorted,24,0.8478,417
QuickSort,10000,Nearly Sorted,25,0.9222,421
QuickSort,10000,Nearly Sorted,26,0.9116,424
QuickSort,10000,Nearly Sorted,27,0.8149,424
QuickSort,10000,Nearly Sorted,28,1.0543,422
QuickSort,10000,Nearly Sorted,29,0.9579,417
QuickSort,10000,Nearly Sorted,30,0.7285,417
QuickSort,10000,Reverse Sorted,1,0.9094,417
QuickSort,10000,Reverse Sorted,2,0.7449,417
QuickSort,10000,Reverse Sorted,3,0.8633,416
QuickSort,10000,Reverse Sorted,4,0.9960,416
QuickSort,10000,Reverse Sorted,5,0.6006,415
QuickSort,10000,Reverse Sorted,6,0.5924,415
QuickSort,10000,Reverse Sorted,7,1.5741,415
QuickSort,10000,Reverse Sorted,8,0.8368,415
QuickSort,10000,Reverse Sorted,9,1.2126,415
QuickSort,10000,Reverse Sorted,10,0.8635,415
QuickSort,10000,Reverse Sorted,11,0.8838,415
QuickSort,10000,Reverse Sorted,12,0.6174,415
QuickSort,10000,Reverse Sorted,13,1.5130,414
QuickSort,10000,Reverse Sorted,14,0.8791,414
QuickSort,10000,Reverse Sorted,15,0.6314,414
QuickSort,10000,Reverse Sorted,16,1.2409,413
QuickSort,10000,Reverse Sorted,17,0.6241,413
QuickSort,10000,Reverse Sorted,18,0.6215,414
QuickSort,10000,Reverse Sorted,19,0.9054,414
QuickSort,10000,Reverse Sorted,20,0.8054,415
QuickSort,10000,Reverse Sorted,21,0.8012,415
QuickSort,10000,Reverse Sorted,22,1.4103,415
QuickSort,10000,Reverse Sorted,23,1.3142,414
QuickSort,10000,Reverse Sorted,24,1.7195,414
QuickSort,10000,Reverse Sorted,25,0.6199,414
QuickSort,10000,Reverse Sorted,26,0.6026,414
QuickSort,10000,Reverse Sorted,27,0.6142,414
QuickSort,10000,Reverse Sorted,28,0.5771,414
QuickSort,10000,Reverse Sorted,29,0.5662,414
QuickSort,10000,Reverse Sorted,30,0.6023,415
MergeSort,100,Random,1,0.1343,17
MergeSort,100,Random,2,0.1167,11
MergeSort,100,Random,3,0.5547,15
MergeSort,100,Random,4,0.0820,13
MergeSort,100,Random,5,0.0513,13
MergeSort,100,Random,6,0.1130,13
MergeSort,100,Random,7,0.0342,13
MergeSort,100,Random,8,0.0847,13
MergeSort,100,Random,9,0.0810,13
MergeSort,100,Random,10,0.0396,13
MergeSort,100,Random,11,0.0288,13
MergeSort,100,Random,12,0.0294,13
MergeSort,100,Random,13,0.0329,13
MergeSort,100,Random,14,0.0323,13
MergeSort,100,Random,15,0.0852,13
MergeSort,100,Random,16,0.0288,13
MergeSort,100,Random,17,0.0288,13
MergeSort,100,Random,18,0.0362,13
MergeSort,100,Random,19,0.0353,13
MergeSort,100,Random,20,0.0290,13
MergeSort,100,Random,21,0.0764,13
MergeSort,100,Random,22,0.0288,13
MergeSort,100,Random,23,0.0520,13
MergeSort,100,Random,24,0.0301,13
MergeSort,100,Random,25,0.0289,13
MergeSort,100,Random,26,0.0509,13
MergeSort,100,Random,27,0.0563,13
MergeSort,100,Random,28,0.0609,13
MergeSort,100,Random,29,0.0343,13
MergeSort,100,Random,30,0.1029,13
MergeSort,100,Nearly Sorted,1,0.0330,13
MergeSort,100,Nearly Sorted,2,0.0437,13
MergeSort,100,Nearly Sorted,3,0.0437,13
MergeSort,100,Nearly Sorted,4,0.0688,13
MergeSort,100,Nearly Sorted,5,0.0393,13
MergeSort,100,Nearly Sorted,6,0.0608,13
MergeSort,100,Nearly Sorted,7,0.0461,13
MergeSort,100,Nearly Sorted,8,0.0430,13
MergeSort,100,Nearly Sorted,9,0.0577,13
MergeSort,100,Nearly Sorted,10,0.0442,13
MergeSort,100,Nearly Sorted,11,0.0405,13
MergeSort,100,Nearly Sorted,12,0.0290,13
MergeSort,100,Nearly Sorted,13,0.0993,13
MergeSort,100,Nearly Sorted,14,0.0591,11
MergeSort,100,Nearly Sorted,15,0.0253,11
MergeSort,100,Nearly Sorted,16,0.0264,11
MergeSort,100,Nearly Sorted,17,0.0384,10
MergeSort,100,Nearly Sorted,18,0.0268,11
MergeSort,100,Nearly Sorted,19,0.0482,14
MergeSort,100,Nearly Sorted,20,0.0911,13
MergeSort,100,Nearly Sorted,21,0.0313,11
MergeSort,100,Nearly Sorted,22,0.0876,11
MergeSort,100,Nearly Sorted,23,0.0279,11
MergeSort,100,Nearly Sorted,24,0.0290,13
MergeSort,100,Nearly Sorted,25,0.0493,10
MergeSort,100,Nearly Sorted,26,0.0319,13
MergeSort,100,Nearly Sorted,27,0.0843,11
MergeSort,100,Nearly Sorted,28,0.0303,14
MergeSort,100,Nearly Sorted,29,0.0960,10
MergeSort,100,Nearly Sorted,30,0.0315,13
MergeSort,100,Reverse Sorted,1,0.0264,11
MergeSort,100,Reverse Sorted,2,0.0821,13
MergeSort,100,Reverse Sorted,3,0.0220,13
MergeSort,100,Reverse Sorted,4,0.0755,19
MergeSort,100,Reverse Sorted,5,0.0326,11
MergeSort,100,Reverse Sorted,6,0.0302,13
MergeSort,100,Reverse Sorted,7,0.0798,13
MergeSort,100,Reverse Sorted,8,0.0416,11
MergeSort,100,Reverse Sorted,9,0.0820,11
MergeSort,100,Reverse Sorted,10,0.0254,11
MergeSort,100,Reverse Sorted,11,0.0207,11
MergeSort,100,Reverse Sorted,12,0.0752,11
MergeSort,100,Reverse Sorted,13,0.0267,11
MergeSort,100,Reverse Sorted,14,0.0240,11
MergeSort,100,Reverse Sorted,15,0.0213,11
MergeSort,100,Reverse Sorted,16,0.0217,11
MergeSort,100,Reverse Sorted,17,0.0204,11
MergeSort,100,Reverse Sorted,18,0.0262,11
MergeSort,100,Reverse Sorted,19,0.0273,11
MergeSort,100,Reverse Sorted,20,0.0268,11
MergeSort,100,Reverse Sorted,21,0.0198,11
MergeSort,100,Reverse Sorted,22,0.0345,11
MergeSort,100,Reverse Sorted,23,0.0311,11
MergeSort,100,Reverse Sorted,24,0.0836,11
MergeSort,100,Reverse Sorted,25,0.0304,11
MergeSort,100,Reverse Sorted,26,0.0277,11
MergeSort,100,Reverse Sorted,27,0.0400,11
MergeSort,100,Reverse Sorted,28,0.0301,11
MergeSort,100,Reverse Sorted,29,0.0333,11
MergeSort,100,Reverse Sorted,30,0.0435,11
MergeSort,1000,Random,1,0.6012,125
MergeSort,1000,Random,2,0.1419,125
MergeSort,1000,Random,3,0.5993,125
MergeSort,1000,Random,4,0.1284,125
MergeSort,1000,Random,5,0.1379,125
MergeSort,1000,Random,6,0.1539,125
MergeSort,1000,Random,7,0.1480,125
MergeSort,1000,Random,8,0.1611,125
MergeSort,1000,Random,9,0.7788,125
MergeSort,1000,Random,10,0.1525,125
MergeSort,1000,Random,11,0.1508,125
MergeSort,1000,Random,12,0.1364,125
MergeSort,1000,Random,13,0.3749,125
MergeSort,1000,Random,14,0.2504,125
MergeSort,1000,Random,15,0.1384,125
MergeSort,1000,Random,16,0.1326,125
MergeSort,1000,Random,17,0.1343,125
MergeSort,1000,Random,18,0.3417,125
MergeSort,1000,Random,19,0.1324,125
MergeSort,1000,Random,20,0.1287,125
MergeSort,1000,Random,21,0.1408,125
MergeSort,1000,Random,22,0.3327,125
MergeSort,1000,Random,23,0.1366,125
MergeSort,1000,Random,24,0.1526,125
MergeSort,1000,Random,25,0.2108,125
MergeSort,1000,Random,26,0.1823,125
MergeSort,1000,Random,27,0.2111,125
MergeSort,1000,Random,28,0.1642,125
MergeSort,1000,Random,29,0.1399,125
MergeSort,1000,Random,30,0.1415,125
MergeSort,1000,Nearly Sorted,1,0.1135,125
MergeSort,1000,Nearly Sorted,2,0.1055,125
MergeSort,1000,Nearly Sorted,3,0.1056,125
MergeSort,1000,Nearly Sorted,4,0.5308,125
MergeSort,1000,Nearly Sorted,5,0.5702,125
MergeSort,1000,Nearly Sorted,6,0.2855,125
MergeSort,1000,Nearly Sorted,7,0.1822,125
MergeSort,1000,Nearly Sorted,8,0.1732,125
MergeSort,1000,Nearly Sorted,9,0.1137,125
MergeSort,1000,Nearly Sorted,10,0.5267,125
MergeSort,1000,Nearly Sorted,11,0.5574,125
MergeSort,1000,Nearly Sorted,12,0.1156,125
MergeSort,1000,Nearly Sorted,13,0.1865,125
MergeSort,1000,Nearly Sorted,14,0.5370,125
MergeSort,1000,Nearly Sorted,15,0.1097,125
MergeSort,1000,Nearly Sorted,16,0.1128,125
MergeSort,1000,Nearly Sorted,17,0.1232,125
MergeSort,1000,Nearly Sorted,18,0.3009,125
MergeSort,1000,Nearly Sorted,19,0.1777,125
MergeSort,1000,Nearly Sorted,20,0.5487,131
MergeSort,1000,Nearly Sorted,21,0.1211,128
MergeSort,1000,Nearly Sorted,22,0.5647,125
MergeSort,1000,Nearly Sorted,23,0.4996,125
MergeSort,1000,Nearly Sorted,24,0.1114,128
MergeSort,1000,Nearly Sorted,25,0.1148,125
MergeSort,1000,Nearly Sorted,26,0.2421,128
MergeSort,1000,Nearly Sorted,27,0.2057,131
MergeSort,1000,Nearly Sorted,28,0.1138,125
MergeSort,1000,Nearly Sorted,29,0.1623,130
MergeSort,1000,Nearly Sorted,30,0.1263,125
MergeSort,1000,Reverse Sorted,1,0.4916,127
MergeSort,1000,Reverse Sorted,2,0.5910,133
MergeSort,1000,Reverse Sorted,3,0.1669,127
MergeSort,1000,Reverse Sorted,4,0.0953,125
MergeSort,1000,Reverse Sorted,5,0.1072,128
MergeSort,1000,Reverse Sorted,6,0.0917,125
MergeSort,1000,Reverse Sorted,7,0.1743,125
MergeSort,1000,Reverse Sorted,8,0.0955,125
MergeSort,1000,Reverse Sorted,9,0.0885,125
MergeSort,1000,Reverse Sorted,10,0.1164,125
MergeSort,1000,Reverse Sorted,11,0.1198,125
MergeSort,1000,Reverse Sorted,12,0.0845,125
MergeSort,1000,Reverse Sorted,13,0.0889,125
MergeSort,1000,Reverse Sorted,14,0.1138,125
MergeSort,1000,Reverse Sorted,15,0.1102,125
MergeSort,1000,Reverse Sorted,16,0.0889,125
MergeSort,1000,Reverse Sorted,17,0.1689,125
MergeSort,1000,Reverse Sorted,18,0.1864,125
MergeSort,1000,Reverse Sorted,19,0.4371,125
MergeSort,1000,Reverse Sorted,20,0.4897,125
MergeSort,1000,Reverse Sorted,21,0.0907,125
MergeSort,1000,Reverse Sorted,22,0.1631,125
MergeSort,1000,Reverse Sorted,23,0.5585,125
MergeSort,1000,Reverse Sorted,24,0.1636,125
MergeSort,1000,Reverse Sorted,25,0.1598,125
MergeSort,1000,Reverse Sorted,26,0.1267,125
MergeSort,1000,Reverse Sorted,27,0.0973,125
MergeSort,1000,Reverse Sorted,28,0.0928,125
MergeSort,1000,Reverse Sorted,29,0.1636,125
MergeSort,1000,Reverse Sorted,30,0.4836,125
MergeSort,5000,Random,1,0.7253,648
MergeSort,5000,Random,2,0.7061,583
MergeSort,5000,Random,3,0.6655,571
MergeSort,5000,Random,4,0.6580,568
MergeSort,5000,Random,5,0.6430,562
MergeSort,5000,Random,6,0.7736,564
MergeSort,5000,Random,7,0.6497,559
MergeSort,5000,Random,8,0.6554,559
MergeSort,5000,Random,9,0.6232,561
MergeSort,5000,Random,10,0.6297,563
MergeSort,5000,Random,11,0.6819,562
MergeSort,5000,Random,12,1.0141,564
MergeSort,5000,Random,13,0.9676,565
MergeSort,5000,Random,14,0.6165,557
MergeSort,5000,Random,15,0.6083,564
MergeSort,5000,Random,16,0.6200,557
MergeSort,5000,Random,17,0.5948,563
MergeSort,5000,Random,18,0.5956,557
MergeSort,5000,Random,19,0.6096,563
MergeSort,5000,Random,20,0.5792,567
MergeSort,5000,Random,21,0.6003,564
MergeSort,5000,Random,22,0.5960,567
MergeSort,5000,Random,23,0.6128,563
MergeSort,5000,Random,24,0.5802,567
MergeSort,5000,Random,25,0.6135,563
MergeSort,5000,Random,26,1.1822,567
MergeSort,5000,Random,27,1.1180,563
MergeSort,5000,Random,28,0.5687,567
MergeSort,5000,Random,29,0.5588,563
MergeSort,5000,Random,30,0.5853,567
MergeSort,5000,Nearly Sorted,1,0.3710,563
MergeSort,5000,Nearly Sorted,2,0.4436,567
MergeSort,5000,Nearly Sorted,3,0.3760,563
MergeSort,5000,Nearly Sorted,4,0.3941,567
MergeSort,5000,Nearly Sorted,5,0.4059,563
MergeSort,5000,Nearly Sorted,6,0.8684,567
MergeSort,5000,Nearly Sorted,7,0.4272,563
MergeSort,5000,Nearly Sorted,8,0.6743,567
MergeSort,5000,Nearly Sorted,9,0.4006,563
MergeSort,5000,Nearly Sorted,10,1.2477,567
MergeSort,5000,Nearly Sorted,11,0.3547,563
MergeSort,5000,Nearly Sorted,12,0.3891,567
MergeSort,5000,Nearly Sorted,13,1.0318,571
MergeSort,5000,Nearly Sorted,14,0.7893,566
MergeSort,5000,Nearly Sorted,15,1.2746,572
MergeSort,5000,Nearly Sorted,16,0.6302,575
MergeSort,5000,Nearly Sorted,17,1.1137,577
MergeSort,5000,Nearly Sorted,18,0.6184,567
MergeSort,5000,Nearly Sorted,19,0.3546,563
MergeSort,5000,Nearly Sorted,20,0.3673,567
MergeSort,5000,Nearly Sorted,21,0.5191,563
MergeSort,5000,Nearly Sorted,22,0.3774,567
MergeSort,5000,Nearly Sorted,23,0.4318,563
MergeSort,5000,Nearly Sorted,24,0.5221,567
MergeSort,5000,Nearly Sorted,25,0.5502,563
MergeSort,5000,Nearly Sorted,26,0.5108,567
MergeSort,5000,Nearly Sorted,27,0.4118,563
MergeSort,5000,Nearly Sorted,28,0.3972,567
MergeSort,5000,Nearly Sorted,29,0.3941,563
MergeSort,5000,Nearly Sorted,30,0.3995,567
MergeSort,5000,Reverse Sorted,1,0.3018,563
MergeSort,5000,Reverse Sorted,2,0.9922,567
MergeSort,5000,Reverse Sorted,3,0.3060,563
MergeSort,5000,Reverse Sorted,4,0.3020,567
MergeSort,5000,Reverse Sorted,5,0.8260,563
MergeSort,5000,Reverse Sorted,6,0.3025,567
MergeSort,5000,Reverse Sorted,7,0.3028,563
MergeSort,5000,Reverse Sorted,8,0.3000,567
MergeSort,5000,Reverse Sorted,9,0.2818,563
MergeSort,5000,Reverse Sorted,10,0.2813,567
MergeSort,5000,Reverse Sorted,11,0.6565,563
MergeSort,5000,Reverse Sorted,12,0.2768,567
MergeSort,5000,Reverse Sorted,13,0.3237,563
MergeSort,5000,Reverse Sorted,14,1.3688,567
MergeSort,5000,Reverse Sorted,15,0.2905,563
MergeSort,5000,Reverse Sorted,16,0.2731,567
MergeSort,5000,Reverse Sorted,17,0.2905,563
MergeSort,5000,Reverse Sorted,18,0.2732,567
MergeSort,5000,Reverse Sorted,19,0.2901,563
MergeSort,5000,Reverse Sorted,20,0.8096,567
MergeSort,5000,Reverse Sorted,21,0.2695,563
MergeSort,5000,Reverse Sorted,22,0.2817,567
MergeSort,5000,Reverse Sorted,23,0.2752,563
MergeSort,5000,Reverse Sorted,24,0.6102,567
MergeSort,5000,Reverse Sorted,25,0.2748,563
MergeSort,5000,Reverse Sorted,26,0.2612,567
MergeSort,5000,Reverse Sorted,27,0.2625,563
MergeSort,5000,Reverse Sorted,28,0.2623,567
MergeSort,5000,Reverse Sorted,29,0.2588,563
MergeSort,5000,Reverse Sorted,30,0.2795,567
MergeSort,10000,Random,1,1.1545,1123
MergeSort,10000,Random,2,1.1235,1122
MergeSort,10000,Random,3,1.7594,1110
MergeSort,10000,Random,4,1.1181,1110
MergeSort,10000,Random,5,1.1046,1116
MergeSort,10000,Random,6,1.0797,1102
MergeSort,10000,Random,7,1.0871,1099
MergeSort,10000,Random,8,1.7874,1113
MergeSort,10000,Random,9,1.0855,1098
MergeSort,10000,Random,10,1.0853,1097
MergeSort,10000,Random,11,1.7701,1098
MergeSort,10000,Random,12,1.4425,1099
MergeSort,10000,Random,13,1.0600,1099
MergeSort,10000,Random,14,1.0904,1099
MergeSort,10000,Random,15,1.0644,1100
MergeSort,10000,Random,16,1.1019,1099
MergeSort,10000,Random,17,1.0947,1100
MergeSort,10000,Random,18,1.0897,1100
MergeSort,10000,Random,19,1.0766,1099
MergeSort,10000,Random,20,1.0901,1100
MergeSort,10000,Random,21,1.0451,1099
MergeSort,10000,Random,22,1.6157,1099
MergeSort,10000,Random,23,1.0469,1100
MergeSort,10000,Random,24,1.0402,1099
MergeSort,10000,Random,25,2.5077,1100
MergeSort,10000,Random,26,1.0206,1099
MergeSort,10000,Random,27,1.0642,1099
MergeSort,10000,Random,28,1.0545,1100
MergeSort,10000,Random,29,1.0522,1099
MergeSort,10000,Random,30,1.0492,1100
MergeSort,10000,Nearly Sorted,1,1.1387,1099
MergeSort,10000,Nearly Sorted,2,0.7179,1099
MergeSort,10000,Nearly Sorted,3,0.6479,1100
MergeSort,10000,Nearly Sorted,4,0.6265,1099
MergeSort,10000,Nearly Sorted,5,1.2856,1100
MergeSort,10000,Nearly Sorted,6,1.2301,1107
MergeSort,10000,Nearly Sorted,7,0.7539,1100
MergeSort,10000,Nearly Sorted,8,0.7008,1106
MergeSort,10000,Nearly Sorted,9,1.8912,1120
MergeSort,10000,Nearly Sorted,10,1.2153,1100
MergeSort,10000,Nearly Sorted,11,0.6636,1099
MergeSort,10000,Nearly Sorted,12,0.6579,1099
MergeSort,10000,Nearly Sorted,13,1.9013,1100
MergeSort,10000,Nearly Sorted,14,0.6763,1099
MergeSort,10000,Nearly Sorted,15,0.7150,1100
MergeSort,10000,Nearly Sorted,16,1.1722,1099
MergeSort,10000,Nearly Sorted,17,0.6508,1099
MergeSort,10000,Nearly Sorted,18,1.6260,1100
MergeSort,10000,Nearly Sorted,19,0.6677,1099
MergeSort,10000,Nearly Sorted,20,0.6569,1100
MergeSort,10000,Nearly Sorted,21,0.6631,1099
MergeSort,10000,Nearly Sorted,22,0.6829,1099
MergeSort,10000,Nearly Sorted,23,0.6551,1100
MergeSort,10000,Nearly Sorted,24,0.6526,1099
MergeSort,10000,Nearly Sorted,25,0.6507,1100
MergeSort,10000,Nearly Sorted,26,1.0937,1099
MergeSort,10000,Nearly Sorted,27,1.3044,1099
MergeSort,10000,Nearly Sorted,28,0.6699,1100
MergeSort,10000,Nearly Sorted,29,0.6639,1099
MergeSort,10000,Nearly Sorted,30,0.6768,1100
MergeSort,10000,Reverse Sorted,1,0.7088,1099
MergeSort,10000,Reverse Sorted,2,1.6872,1099
MergeSort,10000,Reverse Sorted,3,0.5073,1100
MergeSort,10000,Reverse Sorted,4,0.4947,1099
MergeSort,10000,Reverse Sorted,5,1.6447,1100
MergeSort,10000,Reverse Sorted,6,0.5122,1099
MergeSort,10000,Reverse Sorted,7,0.4968,1099
MergeSort,10000,Reverse Sorted,8,1.1004,1100
MergeSort,10000,Reverse Sorted,9,0.5147,1099
MergeSort,10000,Reverse Sorted,10,0.5067,1100
MergeSort,10000,Reverse Sorted,11,0.5084,1099
MergeSort,10000,Reverse Sorted,12,0.5027,1099
MergeSort,10000,Reverse Sorted,13,0.6066,1100
MergeSort,10000,Reverse Sorted,14,0.4969,1099
MergeSort,10000,Reverse Sorted,15,0.5017,1100
MergeSort,10000,Reverse Sorted,16,0.5826,1099
MergeSort,10000,Reverse Sorted,17,0.5023,1099
MergeSort,10000,Reverse Sorted,18,0.5086,1100
MergeSort,10000,Reverse Sorted,19,0.4960,1099
MergeSort,10000,Reverse Sorted,20,1.2762,1100
MergeSort,10000,Reverse Sorted,21,0.4933,1099
MergeSort,10000,Reverse Sorted,22,0.5033,1099
MergeSort,10000,Reverse Sorted,23,0.4923,1100
MergeSort,10000,Reverse Sorted,24,0.5127,1099
MergeSort,10000,Reverse Sorted,25,1.3203,1100
MergeSort,10000,Reverse Sorted,26,1.4612,1099
MergeSort,10000,Reverse Sorted,27,1.6602,1099
MergeSort,10000,Reverse Sorted,28,0.9721,1100
MergeSort,10000,Reverse Sorted,29,0.5091,1099
MergeSort,10000,Reverse Sorted,30,0.5472,1100
